timeOpen;timeClose;timeHigh;timeLow;name;open;high;low;close;volume;marketCap;circulatingSupply;timestamp
"2026-04-01T00:00:00.000Z";"2026-04-01T23:59:59.999Z";"2026-04-01T07:11:00.000Z";"2026-04-01T02:36:00.000Z";"2787";470445.311235211;475917.1615253592;465179.4397616122;467835.8173080178;251417949369.4127;9392347929799.879;20010256;"2026-04-01T23:59:59.999Z"
"2026-03-31T00:00:00.000Z";"2026-03-31T23:59:59.999Z";"2026-03-31T17:16:00.000Z";"2026-03-31T09:58:00.000Z";"2787";461026.3319287851;472548.8783060005;455552.6624791173;470448.2407997533;297221541376.7536;9437793930742.162;20009746;"2026-03-31T23:59:59.999Z"
"2026-03-30T00:00:00.000Z";"2026-03-30T23:59:59.999Z";"2026-03-30T13:23:00.000Z";"2026-03-30T00:18:00.000Z";"2787";455894.2181702058;470524.03721945;454521.8863988393;461004.5964477989;260542145523.3166;9223952282460.434;20009312;"2026-03-30T23:59:59.999Z"
"2026-03-29T00:00:00.000Z";"2026-03-29T23:59:59.999Z";"2026-03-29T03:17:00.000Z";"2026-03-29T22:51:00.000Z";"2787";458395.0777573042;463463.3144613945;449074.6863206545;455870.5086693841;149614225603.70038;9122013280417.012;20008912;"2026-03-29T23:59:59.999Z"
"2026-03-28T00:00:00.000Z";"2026-03-28T23:59:59.999Z";"2026-03-28T15:25:00.000Z";"2026-03-28T02:31:00.000Z";"2787";458525.0817439282;464706.7914619206;455540.8356329451;458395.1168123453;144630701953.9998;9171771784787.594;20008443;"2026-03-28T23:59:59.999Z"
"2026-03-27T00:00:00.000Z";"2026-03-27T23:59:59.999Z";"2026-03-27T02:12:00.000Z";"2026-03-27T18:25:00.000Z";"2787";475451.162903308;477871.6975584979;452954.5644536637;458524.1881211539;321272624901.3105;9172626641560.84;20005653;"2026-03-27T23:59:59.999Z"
"2026-03-26T00:00:00.000Z";"2026-03-26T23:59:59.999Z";"2026-03-26T00:50:00.000Z";"2026-03-26T18:28:00.000Z";"2787";492146.7667060753;492838.8211854398;470643.2978673935;475453.2989793569;268896727590.88458;9496643622596.996;20003043;"2026-03-26T23:59:59.999Z"
"2026-03-25T00:00:00.000Z";"2026-03-25T23:59:59.999Z";"2026-03-25T11:36:00.000Z";"2026-03-25T03:17:00.000Z";"2787";486073.5346706935;496492.8772875872;485076.7125470644;492145.1384245722;244069071573.2383;9831880446717.283;20003043;"2026-03-25T23:59:59.999Z"
"2026-03-24T00:00:00.000Z";"2026-03-24T23:59:59.999Z";"2026-03-24T08:00:00.000Z";"2026-03-24T17:46:00.000Z";"2787";487914.6426055693;491391.4157790856;475049.6704397588;486058.4505080302;276468964869.48016;9705740305445.506;20003043;"2026-03-24T23:59:59.999Z"
"2026-03-23T00:00:00.000Z";"2026-03-23T23:59:59.999Z";"2026-03-23T14:11:00.000Z";"2026-03-23T00:42:00.000Z";"2787";467194.0112881494;494701.7814350059;464548.5924509711;487929.7148131998;354709300656.67084;9768146544859.809;20003043;"2026-03-23T23:59:59.999Z"
"2026-03-22T00:00:00.000Z";"2026-03-22T23:59:59.999Z";"2026-03-22T03:37:00.000Z";"2026-03-22T21:21:00.000Z";"2787";473353.5692649644;479030.22083632;463956.558061516;467209.2815509512;207336085907.44598;9345301897139.406;20003043;"2026-03-22T23:59:59.999Z"
"2026-03-21T00:00:00.000Z";"2026-03-21T23:59:59.999Z";"2026-03-21T14:13:00.000Z";"2026-03-21T23:59:00.000Z";"2787";485645.9330053337;489287.4686849289;472427.1208158001;473175.0607280127;145367460327.34964;9468511800210.59;20003043;"2026-03-21T23:59:59.999Z"
"2026-03-20T00:00:00.000Z";"2026-03-20T23:59:59.999Z";"2026-03-20T08:13:00.000Z";"2026-03-20T17:38:00.000Z";"2787";482424.4998270811;491129.9555051497;477908.4693657491;485646.7221404377;264282790549.78787;9734286842899.008;20003043;"2026-03-20T23:59:59.999Z"
"2026-03-19T00:00:00.000Z";"2026-03-19T23:59:59.999Z";"2026-03-19T03:20:00.000Z";"2026-03-19T15:47:00.000Z";"2787";489707.2262871122;493774.2905303183;472903.8116973449;482433.1920542146;306754073319.3555;9611570745619.299;20003043;"2026-03-19T23:59:59.999Z"
"2026-03-18T00:00:00.000Z";"2026-03-18T23:59:59.999Z";"2026-03-18T03:37:00.000Z";"2026-03-18T20:12:00.000Z";"2787";509191.9995026026;513765.7637575662;484580.0583941559;489674.4236037668;318372265470.94806;9815302793806.26;20003043;"2026-03-18T23:59:59.999Z"
"2026-03-17T00:00:00.000Z";"2026-03-17T23:59:59.999Z";"2026-03-17T01:36:00.000Z";"2026-03-17T13:53:00.000Z";"2787";516217.0891768011;523301.719004588;505795.7073884326;509092.9901404265;341366877180.85046;10199217756022.74;20003043;"2026-03-17T23:59:59.999Z"
"2026-03-16T00:00:00.000Z";"2026-03-16T23:59:59.999Z";"2026-03-16T23:47:00.000Z";"2026-03-16T01:15:00.000Z";"2787";502059.858357911;516538.1908518927;498628.5194952466;516257.0052307401;383260878734.3501;10326459940913.602;20002943;"2026-03-16T23:59:59.999Z"
"2026-03-15T00:00:00.000Z";"2026-03-15T23:59:59.999Z";"2026-03-15T23:07:00.000Z";"2026-03-15T01:35:00.000Z";"2787";491132.2613577927;504644.9537260813;488847.6878399505;502002.9434264497;193044583505.18375;10042475411557.664;20002546;"2026-03-15T23:59:59.999Z"
"2026-03-14T00:00:00.000Z";"2026-03-14T23:59:59.999Z";"2026-03-14T04:51:00.000Z";"2026-03-14T06:41:00.000Z";"2787";489419.8327303557;491666.9242736061;485104.0110778354;491138.8049029596;153680706766.18094;9823699196988.736;20002146;"2026-03-14T23:59:59.999Z"
"2026-03-13T00:00:00.000Z";"2026-03-13T23:59:59.999Z";"2026-03-13T14:34:00.000Z";"2026-03-13T00:03:00.000Z";"2787";484244.217026751;509847.1889648318;483651.266819947;489439.754831243;420157678860.6509;9750085596786.25;20001768;"2026-03-13T23:59:59.999Z"
"2026-03-12T00:00:00.000Z";"2026-03-12T23:59:59.999Z";"2026-03-12T11:46:00.000Z";"2026-03-12T05:28:00.000Z";"2787";482081.310954254;486286.5643081731;476296.5255030694;484219.5669947632;280638370810.28723;9681743074065.98;20001375;"2026-03-12T23:59:59.999Z"
"2026-03-11T00:00:00.000Z";"2026-03-11T23:59:59.999Z";"2026-03-11T17:32:00.000Z";"2026-03-11T12:10:00.000Z";"2787";480917.2298126832;489825.8004294664;474505.2324804265;482138.5490958795;311093885175.8661;9657123319081.996;20000978;"2026-03-11T23:59:59.999Z"
"2026-03-10T00:00:00.000Z";"2026-03-10T23:59:59.999Z";"2026-03-10T15:06:00.000Z";"2026-03-10T00:00:00.000Z";"2787";472478.0832489504;493582.8022852455;472478.0832489504;480887.4161656062;373021802231.61224;9660986673565.89;20000546;"2026-03-10T23:59:59.999Z"
"2026-03-09T00:00:00.000Z";"2026-03-09T23:59:59.999Z";"2026-03-09T19:31:00.000Z";"2026-03-09T00:26:00.000Z";"2787";454976.3846388203;479884.3147104043;454206.8966580959;472475.8056088236;341388760511.8416;9435198039694.38;20000118;"2026-03-09T23:59:59.999Z"
"2026-03-08T00:00:00.000Z";"2026-03-08T23:59:59.999Z";"2026-03-08T10:27:00.000Z";"2026-03-08T22:25:00.000Z";"2787";463965.0030159332;470208.5839878309;452697.7942440277;454977.7454409239;228939828541.27518;9099439424946.086;19999690;"2026-03-08T23:59:59.999Z"
"2026-03-07T00:00:00.000Z";"2026-03-07T23:59:59.999Z";"2026-03-07T03:15:00.000Z";"2026-03-07T19:56:00.000Z";"2787";469925.0972450643;472535.3795116701;462227.5887756282;463965.6490193047;160410610515.4078;9278960437936.459;19999268;"2026-03-07T23:59:59.999Z"
"2026-03-06T00:00:00.000Z";"2026-03-06T23:59:59.999Z";"2026-03-06T02:27:00.000Z";"2026-03-06T17:43:00.000Z";"2787";488208.715992008;492576.3498409584;467359.5625533464;469923.759950611;301688939625.83484;9390727718497.803;19998825;"2026-03-06T23:59:59.999Z"
"2026-03-05T00:00:00.000Z";"2026-03-05T23:59:59.999Z";"2026-03-05T10:56:00.000Z";"2026-03-05T17:52:00.000Z";"2787";501535.5554183972;506909.7405198623;486918.1335910845;488201.6340949084;352964675809.56683;9771882814550.904;19998378;"2026-03-05T23:59:59.999Z"
"2026-03-04T00:00:00.000Z";"2026-03-04T23:59:59.999Z";"2026-03-04T19:22:00.000Z";"2026-03-04T03:36:00.000Z";"2787";471218.5468352275;510757.536746796;466538.7183775425;501521.2302258715;518019413408.7888;10027702664967.664;19997875;"2026-03-04T23:59:59.999Z"
"2026-03-03T00:00:00.000Z";"2026-03-03T23:59:59.999Z";"2026-03-03T01:13:00.000Z";"2026-03-03T14:50:00.000Z";"2787";473413.2773740771;476495.3592136351;457052.7882528573;471239.8378901415;330002103451.3732;9399003192314.014;19997462;"2026-03-03T23:59:59.999Z"
"2026-03-02T00:00:00.000Z";"2026-03-02T23:59:59.999Z";"2026-03-02T16:48:00.000Z";"2026-03-02T14:05:00.000Z";"2787";450814.8469730137;482084.8366029443;449455.3624104146;473349.7720523588;388844586990.16;9433386040697.621;19997043;"2026-03-02T23:59:59.999Z"
"2026-03-01T00:00:00.000Z";"2026-03-01T23:59:59.999Z";"2026-03-01T02:05:00.000Z";"2026-03-01T22:50:00.000Z";"2787";459539.7701932862;467474.252457789;446306.6167105332;450842.3956016519;279356033974.59436;9014826214472.951;19996621;"2026-03-01T23:59:59.999Z"
"2026-02-28T00:00:00.000Z";"2026-02-28T23:59:59.999Z";"2026-02-28T22:38:00.000Z";"2026-02-28T06:59:00.000Z";"2787";451810.8617669822;464399.762871872;432493.2992221824;459471.0161352312;288328995495.8574;9189034447466.361;19996168;"2026-02-28T23:59:59.999Z"
"2026-02-27T00:00:00.000Z";"2026-02-27T23:59:59.999Z";"2026-02-27T04:18:00.000Z";"2026-02-27T22:36:00.000Z";"2787";461490.2681555292;467650.8971711324;445412.9092354635;451830.5273290622;275592575397.3108;9012020271057.432;19995718;"2026-02-27T23:59:59.999Z"
"2026-02-26T00:00:00.000Z";"2026-02-26T23:59:59.999Z";"2026-02-26T04:42:00.000Z";"2026-02-26T16:59:00.000Z";"2787";466815.9540802696;470702.668161801;455115.4889046087;461471.4769757576;295310170683.7;9265655284703.125;19995262;"2026-02-26T23:59:59.999Z"
"2026-02-25T00:00:00.000Z";"2026-02-25T23:59:59.999Z";"2026-02-25T21:38:00.000Z";"2026-02-25T00:16:00.000Z";"2787";441117.7742883642;480542.3030103439;440185.3558572234;466852.0666101976;369189012220.07684;9353743802522.361;19994831;"2026-02-25T23:59:59.999Z"
"2026-02-24T00:00:00.000Z";"2026-02-24T23:59:59.999Z";"2026-02-24T00:22:00.000Z";"2026-02-24T13:34:00.000Z";"2787";446419.1410668851;449017.8224237141;430597.3768062133;441133.4157801361;282219858608.47015;8851500234884.47;19994331;"2026-02-24T23:59:59.999Z"
"2026-02-23T00:00:00.000Z";"2026-02-23T23:59:59.999Z";"2026-02-23T00:00:00.000Z";"2026-02-23T20:18:00.000Z";"2787";467504.9323706808;467504.9323706808;441641.1603829772;446424.1084228237;352025207718.8764;8925581202536.201;19993840;"2026-02-23T23:59:59.999Z"
"2026-02-22T00:00:00.000Z";"2026-02-22T23:59:59.999Z";"2026-02-22T11:18:00.000Z";"2026-02-22T17:38:00.000Z";"2787";469786.8797468925;471420.1289163735;464168.522046318;467442.4971379893;123621966924.77187;9346980417966.318;19993359;"2026-02-22T23:59:59.999Z"
"2026-02-21T00:00:00.000Z";"2026-02-21T23:59:59.999Z";"2026-02-21T15:44:00.000Z";"2026-02-21T03:43:00.000Z";"2787";469796.7029129606;474338.8797308267;466569.0833266621;469821.0080073179;126828315242.15265;9392381437468.941;19992856;"2026-02-21T23:59:59.999Z"
"2026-02-20T00:00:00.000Z";"2026-02-20T23:59:59.999Z";"2026-02-20T10:09:00.000Z";"2026-02-20T13:42:00.000Z";"2787";462603.4063608311;471616.0227223994;459106.9130630891;469832.4498589788;328222353628.1403;9392472450332.154;19992487;"2026-02-20T23:59:59.999Z"
"2026-02-19T00:00:00.000Z";"2026-02-19T23:59:59.999Z";"2026-02-19T07:39:00.000Z";"2026-02-19T14:37:00.000Z";"2787";458901.4334281813;464783.999311306;453456.1617975207;462596.1408536408;217569300821.10977;9247994389379.469;19992062;"2026-02-19T23:59:59.999Z"
"2026-02-18T00:00:00.000Z";"2026-02-18T23:59:59.999Z";"2026-02-18T08:27:00.000Z";"2026-02-18T19:40:00.000Z";"2787";466251.1249646559;472796.388927411;454896.4063996976;458899.3483360545;228636947045.6355;9174340048082.23;19991528;"2026-02-18T23:59:59.999Z"
"2026-02-17T00:00:00.000Z";"2026-02-17T23:59:59.999Z";"2026-02-17T02:14:00.000Z";"2026-02-17T15:34:00.000Z";"2787";475612.8137521785;478094.9381411608;460221.6791960287;466293.9101910645;240883457675.78568;9320849551724.73;19991050;"2026-02-17T23:59:59.999Z"
"2026-02-16T00:00:00.000Z";"2026-02-16T23:59:59.999Z";"2026-02-16T13:04:00.000Z";"2026-02-16T15:43:00.000Z";"2787";475193.5231321222;484073.5134968139;464966.4576052495;475613.2526597672;232256000393.94955;9507758404663.945;19990543;"2026-02-16T23:59:59.999Z"
"2026-02-15T00:00:00.000Z";"2026-02-15T23:59:59.999Z";"2026-02-15T08:08:00.000Z";"2026-02-15T19:07:00.000Z";"2787";481981.6505590284;490094.7360310853;470151.242157983;475233.5275942632;277666607445.87286;9499124229733.414;19990012;"2026-02-15T23:59:59.999Z"
"2026-02-14T00:00:00.000Z";"2026-02-14T23:59:59.999Z";"2026-02-14T12:01:00.000Z";"2026-02-14T06:12:00.000Z";"2787";475708.8131871935;486929.6753588811;474669.9491595953;482000.0915815038;248797050988.60922;9634520631813.129;19989393;"2026-02-14T23:59:59.999Z"
"2026-02-13T00:00:00.000Z";"2026-02-13T23:59:59.999Z";"2026-02-13T16:34:00.000Z";"2026-02-13T00:52:00.000Z";"2787";456918.6618885342;479345.1896238331;454312.968286165;475714.7336834151;281691928159.487;9497939931819.914;19988871;"2026-02-13T23:59:59.999Z"
"2026-02-12T00:00:00.000Z";"2026-02-12T23:59:59.999Z";"2026-02-12T14:01:00.000Z";"2026-02-12T18:33:00.000Z";"2787";463137.1197955765;471638.1721629214;449181.1097418095;456977.0847001759;308686251018.21155;9149740377653.053;19988381;"2026-02-12T23:59:59.999Z"
"2026-02-11T00:00:00.000Z";"2026-02-11T23:59:59.999Z";"2026-02-11T01:03:00.000Z";"2026-02-11T15:15:00.000Z";"2787";475413.6806927177;478529.2387073388;454599.9493846514;463135.5924694754;343277851820.9476;9253902997119.916;19987853;"2026-02-11T23:59:59.999Z"
"2026-02-10T00:00:00.000Z";"2026-02-10T23:59:59.999Z";"2026-02-10T01:40:00.000Z";"2026-02-10T14:48:00.000Z";"2787";485526.0704703188;487337.9315105356;469340.574085872;475428.1775034389;281005479147.5587;9518216391488.244;19987365;"2026-02-10T23:59:59.999Z"
"2026-02-09T00:00:00.000Z";"2026-02-09T23:59:59.999Z";"2026-02-09T03:57:00.000Z";"2026-02-09T14:14:00.000Z";"2787";487414.9596187209;494865.1133719296;472751.468910748;485411.1063990263;361391609935.7348;9727225484494.068;19986909;"2026-02-09T23:59:59.999Z"
"2026-02-08T00:00:00.000Z";"2026-02-08T23:59:59.999Z";"2026-02-08T23:08:00.000Z";"2026-02-08T00:44:00.000Z";"2787";480756.3316272942;501040.1304073831;477766.846331404;487563.4115921325;275627047167.17847;9741670348923.627;19986400;"2026-02-08T23:59:59.999Z"
"2026-02-07T00:00:00.000Z";"2026-02-07T23:59:59.999Z";"2026-02-07T04:24:00.000Z";"2026-02-07T07:19:00.000Z";"2787";489569.2580382501;496906.2025289627;467438.5011500731;480744.1420009901;432623462715.25793;9608331141798.387;19985865;"2026-02-07T23:59:59.999Z"
"2026-02-06T00:00:00.000Z";"2026-02-06T23:59:59.999Z";"2026-02-06T23:07:00.000Z";"2026-02-06T00:20:00.000Z";"2787";435049.7551539483;497393.0107875581;416800.8278783131;489583.7172176542;795621479763.902;9783009540092.73;19985340;"2026-02-06T23:59:59.999Z"
"2026-02-05T00:00:00.000Z";"2026-02-05T23:59:59.999Z";"2026-02-05T01:13:00.000Z";"2026-02-05T20:56:00.000Z";"2787";506865.0571559855;507872.8813921991;432611.9455933689;435033.4241388879;871261228638.0925;8699066395427.262;19984909;"2026-02-05T23:59:59.999Z"
"2026-02-04T00:00:00.000Z";"2026-02-04T23:59:59.999Z";"2026-02-04T03:42:00.000Z";"2026-02-04T22:08:00.000Z";"2787";524806.097588278;533279.2965135433;498023.5171020379;506888.1520848348;466353638116.894;10127886679463.684;19984512;"2026-02-04T23:59:59.999Z"
"2026-02-03T00:00:00.000Z";"2026-02-03T23:59:59.999Z";"2026-02-03T01:03:00.000Z";"2026-02-03T19:03:00.000Z";"2787";546644.4627408372;549599.0779202727;505782.2573173856;524760.6960532404;474092448327.8729;10499565081565.814;19982656;"2026-02-03T23:59:59.999Z"
"2026-02-02T00:00:00.000Z";"2026-02-02T23:59:59.999Z";"2026-02-02T15:41:00.000Z";"2026-02-02T03:41:00.000Z";"2787";535084.7267727758;550482.7393465533;518265.9581332146;546611.5014741521;522374569975.83905;10931998236578.969;19982656;"2026-02-02T23:59:59.999Z"
"2026-02-01T00:00:00.000Z";"2026-02-01T23:59:59.999Z";"2026-02-01T00:17:00.000Z";"2026-02-01T23:10:00.000Z";"2787";546589.1778589335;551430.9715080953;526239.8364613418;535107.0834867888;371032344609.86224;10692087022735.9;19982656;"2026-02-01T23:59:59.999Z"
"2026-01-31T00:00:00.000Z";"2026-01-31T23:59:59.999Z";"2026-01-31T00:42:00.000Z";"2026-01-31T18:45:00.000Z";"2787";584826.3835450485;584898.8418190212;527053.0635554066;546554.329441049;489954189860.4546;10922303514477.906;19982656;"2026-01-31T23:59:59.999Z"
"2026-01-30T00:00:00.000Z";"2026-01-30T23:59:59.999Z";"2026-01-30T00:03:00.000Z";"2026-01-30T02:32:00.000Z";"2787";587575.6598316323;587849.6727455046;563535.9149221265;584841.4035467858;500867187701.7684;11680647052114.79;19982475;"2026-01-30T23:59:59.999Z"
"2026-01-29T00:00:00.000Z";"2026-01-29T23:59:59.999Z";"2026-01-29T00:01:00.000Z";"2026-01-29T19:01:00.000Z";"2787";619409.43229862;619624.3280638315;578458.4569230827;587567.7162352786;449106176878.247;11737606712039.027;19982084;"2026-01-29T23:59:59.999Z"
"2026-01-28T00:00:00.000Z";"2026-01-28T23:59:59.999Z";"2026-01-28T17:55:00.000Z";"2026-01-28T04:27:00.000Z";"2787";619691.8925384149;628227.4742103863;616241.525215788;619511.7001296772;276848658976.0905;12391618538442.664;19981662;"2026-01-28T23:59:59.999Z"
"2026-01-27T00:00:00.000Z";"2026-01-27T23:59:59.999Z";"2026-01-27T23:39:00.000Z";"2026-01-27T17:46:00.000Z";"2787";613777.7754577673;621843.5574605477;606650.997546237;619681.6331232626;269447826505.03912;12381726641962.404;19981318;"2026-01-27T23:59:59.999Z"
"2026-01-26T00:00:00.000Z";"2026-01-26T23:59:59.999Z";"2026-01-26T15:16:00.000Z";"2026-01-26T00:48:00.000Z";"2787";603680.3041610137;617188.9282436328;601833.0944367937;613844.9758696338;316108315639.2318;12297709937425.371;19980931;"2026-01-26T23:59:59.999Z"
"2026-01-25T00:00:00.000Z";"2026-01-25T23:59:59.999Z";"2026-01-25T01:02:00.000Z";"2026-01-25T23:03:00.000Z";"2787";620525.9971700299;621078.6346050167;599755.4746883054;603720.0008969214;251574578045.07486;12045263836591.758;19980543;"2026-01-25T23:59:59.999Z"
"2026-01-24T00:00:00.000Z";"2026-01-24T23:59:59.999Z";"2026-01-24T03:30:00.000Z";"2026-01-24T16:49:00.000Z";"2787";623258.186949651;625385.2041112588;620094.6422983016;620504.7995316229;101376510147.40962;12397001850929.217;19980237;"2026-01-24T23:59:59.999Z"
"2026-01-23T00:00:00.000Z";"2026-01-23T23:59:59.999Z";"2026-01-23T17:38:00.000Z";"2026-01-23T15:18:00.000Z";"2787";623872.5475488432;634367.4851106281;616165.9032340375;623242.3572470789;271953565989.99023;12471053489530.154;19979896;"2026-01-23T23:59:59.999Z"
"2026-01-22T00:00:00.000Z";"2026-01-22T23:59:59.999Z";"2026-01-22T02:27:00.000Z";"2026-01-22T15:34:00.000Z";"2787";622423.1079482448;628400.9136646019;616716.6749211184;623875.3365301591;247564456207.154;12447294434476.91;19979453;"2026-01-22T23:59:59.999Z"
"2026-01-21T00:00:00.000Z";"2026-01-21T23:59:59.999Z";"2026-01-21T15:19:00.000Z";"2026-01-21T17:15:00.000Z";"2787";614858.4948288659;629748.3093228668;607236.4099273314;622412.2001108058;392127336645.6945;12430544391675.797;19978959;"2026-01-21T23:59:59.999Z"
"2026-01-20T00:00:00.000Z";"2026-01-20T23:59:59.999Z";"2026-01-20T00:06:00.000Z";"2026-01-20T23:19:00.000Z";"2787";644552.5200272028;646257.5310931744;611297.2894858097;614749.8641973553;369605456662.0501;12289102315725.648;19978556;"2026-01-20T23:59:59.999Z"
"2026-01-19T00:00:00.000Z";"2026-01-19T23:59:59.999Z";"2026-01-19T00:00:00.000Z";"2026-01-19T00:04:00.000Z";"2787";652672.335633522;652708.269276459;641756.1789864295;644552.5058193346;273145758784.0033;12885721534341.766;19978106;"2026-01-19T23:59:59.999Z"
"2026-01-18T00:00:00.000Z";"2026-01-18T23:59:59.999Z";"2026-01-18T22:14:00.000Z";"2026-01-18T23:59:00.000Z";"2787";662745.8508916274;665466.0091808814;652206.7756854444;652524.3111059745;145020243939.94827;13038873192088.102;19977671;"2026-01-18T23:59:59.999Z"
"2026-01-17T00:00:00.000Z";"2026-01-17T23:59:59.999Z";"2026-01-17T15:08:00.000Z";"2026-01-17T08:03:00.000Z";"2787";665700.4892687133;666211.4233036865;662079.8769563864;662737.0952213444;111652929424.60541;13239799784973.764;19977190;"2026-01-17T23:59:59.999Z"
"2026-01-16T00:00:00.000Z";"2026-01-16T23:59:59.999Z";"2026-01-16T08:32:00.000Z";"2026-01-16T15:49:00.000Z";"2787";665668.0791793613;667624.1883900356;656892.1546235966;665700.2244363237;231620055231.10992;13293856957664.754;19976750;"2026-01-16T23:59:59.999Z"
"2026-01-15T00:00:00.000Z";"2026-01-15T23:59:59.999Z";"2026-01-15T09:57:00.000Z";"2026-01-15T20:35:00.000Z";"2787";675979.4398465767;676864.6763800378;662527.2456499264;665647.8090080626;370213678476.29675;13311749814703.66;19976359;"2026-01-15T23:59:59.999Z"
"2026-01-14T00:00:00.000Z";"2026-01-14T23:59:59.999Z";"2026-01-14T20:13:00.000Z";"2026-01-14T06:37:00.000Z";"2787";665163.2562653539;682440.7066804335;659792.4363105705;675965.7676791092;422814401239.9832;13511447019185.684;19975925;"2026-01-14T23:59:59.999Z"
"2026-01-13T00:00:00.000Z";"2026-01-13T23:59:59.999Z";"2026-01-13T23:02:00.000Z";"2026-01-13T01:44:00.000Z";"2787";635853.6042843458;669969.0946695453;634529.104175624;665155.3773861937;383391238406.5681;13277851436270.57;19975534;"2026-01-13T23:59:59.999Z"
"2026-01-12T00:00:00.000Z";"2026-01-12T23:59:59.999Z";"2026-01-12T03:24:00.000Z";"2026-01-12T14:26:00.000Z";"2787";633724.6951960555;644541.9453719353;627962.6761811501;635906.9543211221;288487847828.89435;12708824140578.71;19975112;"2026-01-12T23:59:59.999Z"
"2026-01-11T00:00:00.000Z";"2026-01-11T23:59:59.999Z";"2026-01-11T16:33:00.000Z";"2026-01-11T23:06:00.000Z";"2787";630650.2739373613;636021.9329953615;629441.7460645232;633735.885143141;119770182701.10918;12658416544264.75;19974659;"2026-01-11T23:59:59.999Z"
"2026-01-10T00:00:00.000Z";"2026-01-10T23:59:59.999Z";"2026-01-10T10:43:00.000Z";"2026-01-10T22:14:00.000Z";"2787";631520.664400334;632936.563146679;629938.8837065246;630659.300221018;86420726445.44147;12596782000450.225;19974275;"2026-01-10T23:59:59.999Z"
"2026-01-09T00:00:00.000Z";"2026-01-09T23:59:59.999Z";"2026-01-09T15:36:00.000Z";"2026-01-09T08:55:00.000Z";"2787";635709.3029696812;641315.8911833386;625854.0260124885;631541.5653853802;267520791100.2701;12625521633488.512;19973790;"2026-01-09T23:59:59.999Z"
"2026-01-08T00:00:00.000Z";"2026-01-08T23:59:59.999Z";"2026-01-08T01:30:00.000Z";"2026-01-08T14:46:00.000Z";"2787";638920.9566046444;640153.9254744382;623218.3151381991;635715.2476347461;296592435125.5793;12721790662696.635;19973353;"2026-01-08T23:59:59.999Z"
"2026-01-07T00:00:00.000Z";"2026-01-07T23:59:59.999Z";"2026-01-07T00:00:00.000Z";"2026-01-07T19:18:00.000Z";"2787";654564.5208948213;654643.5993874719;633963.4811146085;638909.8512860411;303520646260.79297;12736307543791.191;19972909;"2026-01-07T23:59:59.999Z"
"2026-01-06T00:00:00.000Z";"2026-01-06T23:59:59.999Z";"2026-01-06T14:24:00.000Z";"2026-01-06T18:01:00.000Z";"2787";656077.8295019385;659218.9909237635;637517.869046736;654575.4248526366;366421770958.2723;13082618966324.418;19972453;"2026-01-06T23:59:59.999Z"
"2026-01-05T00:00:00.000Z";"2026-01-05T23:59:59.999Z";"2026-01-05T20:30:00.000Z";"2026-01-05T00:00:00.000Z";"2787";639344.7712944691;662258.9271731344;639344.7712944691;656116.9983722091;373309254681.3837;13112964177303.75;19972043;"2026-01-05T23:59:59.999Z"
"2026-01-04T00:00:00.000Z";"2026-01-04T23:59:59.999Z";"2026-01-04T06:24:00.000Z";"2026-01-04T00:01:00.000Z";"2787";633663.7750139219;641424.0484339689;633608.5502346226;639336.8253465274;187228801053.31586;12768670405151.697;19971637;"2026-01-04T23:59:59.999Z"
"2026-01-03T00:00:00.000Z";"2026-01-03T23:59:59.999Z";"2026-01-03T22:28:00.000Z";"2026-01-03T07:31:00.000Z";"2787";629062.2356352243;633871.7540064601;624747.1110135375;633372.6010702424;145296034947.24875;12655012042954.996;19971178;"2026-01-03T23:59:59.999Z"
"2026-01-02T00:00:00.000Z";"2026-01-02T23:59:59.999Z";"2026-01-02T17:17:00.000Z";"2026-01-02T02:23:00.000Z";"2787";620572.4408615695;635618.651796263;617534.0518842834;629059.6971468733;324500030085.3177;12562539345997.088;19970693;"2026-01-02T23:59:59.999Z"
"2026-01-01T00:00:00.000Z";"2026-01-01T23:59:59.999Z";"2026-01-01T23:47:00.000Z";"2026-01-01T04:46:00.000Z";"2787";612162.547422584;621063.1266691874;611402.5673233966;620564.8950819328;131858487231.41998;12396180150215.258;19970256;"2026-01-01T23:59:59.999Z"
"2025-12-31T00:00:00.000Z";"2025-12-31T23:59:59.999Z";"2025-12-31T14:10:00.000Z";"2025-12-31T20:42:00.000Z";"2787";618688.7593911625;622893.8970009235;609365.031501754;612167.9858439836;236689685550.9779;12226322936599.328;19969778;"2025-12-31T23:59:59.999Z"
"2025-12-30T00:00:00.000Z";"2025-12-30T23:59:59.999Z";"2025-12-30T16:23:00.000Z";"2025-12-30T03:17:00.000Z";"2787";610463.2717683283;624790.8792073926;607452.3804993358;618692.6043476342;249318011712.0063;12371775990124.389;19969368;"2025-12-30T23:59:59.999Z"
"2025-12-29T00:00:00.000Z";"2025-12-29T23:59:59.999Z";"2025-12-29T04:39:00.000Z";"2025-12-29T12:16:00.000Z";"2787";615439.0391279137;632988.0480700434;607606.4176729928;610489.8315340591;339205738833.18713;12191545632523.867;19968978;"2025-12-29T23:59:59.999Z"
"2025-12-28T00:00:00.000Z";"2025-12-28T23:59:59.999Z";"2025-12-28T14:43:00.000Z";"2025-12-28T20:07:00.000Z";"2787";615183.671866747;616497.7526589333;612350.2217904945;615439.3346649174;106197454441.96878;12289403684411.396;19968515;"2025-12-28T23:59:59.999Z"
"2025-12-27T00:00:00.000Z";"2025-12-27T23:59:59.999Z";"2025-12-27T23:52:00.000Z";"2025-12-27T00:23:00.000Z";"2787";611694.9519020782;615712.2388521945;610864.9811678356;615203.3609266509;96280461205.6606;12283991250937.248;19968006;"2025-12-27T23:59:59.999Z"
"2025-12-26T00:00:00.000Z";"2025-12-26T23:59:59.999Z";"2025-12-26T07:26:00.000Z";"2025-12-26T15:17:00.000Z";"2787";611163.2713891884;626985.3802023537;606968.7569682832;611694.9452780668;297440212839.4308;12212687396397.123;19967603;"2025-12-26T23:59:59.999Z"
"2025-12-25T00:00:00.000Z";"2025-12-25T23:59:59.999Z";"2025-12-25T15:46:00.000Z";"2025-12-25T23:47:00.000Z";"2787";615357.9247479545;621633.6551500435;609157.820662712;611157.8532415573;140150733166.94003;12234637173877.834;19967115;"2025-12-25T23:59:59.999Z"
"2025-12-24T00:00:00.000Z";"2025-12-24T23:59:59.999Z";"2025-12-24T23:01:00.000Z";"2025-12-24T14:40:00.000Z";"2787";614321.2756740107;617806.2246265995;606144.2058910601;615383.5263025227;179580269395.4409;12294576717507.71;19966668;"2025-12-24T23:59:59.999Z"
"2025-12-23T00:00:00.000Z";"2025-12-23T23:59:59.999Z";"2025-12-23T00:40:00.000Z";"2025-12-23T14:58:00.000Z";"2787";622704.3291837147;625577.943919913;608699.7948364477;614389.3030875562;307397352157.22595;12280479701199.297;19966175;"2025-12-23T23:59:59.999Z"
"2025-12-22T00:00:00.000Z";"2025-12-22T23:59:59.999Z";"2025-12-22T12:34:00.000Z";"2025-12-22T20:18:00.000Z";"2787";623978.8558570949;637219.5693434776;618609.1119651913;622704.2651139718;267890348811.68915;12439715894155.697;19965715;"2025-12-22T23:59:59.999Z"
"2025-12-21T00:00:00.000Z";"2025-12-21T23:59:59.999Z";"2025-12-21T09:55:00.000Z";"2025-12-21T14:01:00.000Z";"2787";622043.8717455592;626854.6956525953;616893.2986489929;623981.3135851895;139734309599.21036;12458186085828.36;19965293;"2025-12-21T23:59:59.999Z"
"2025-12-20T00:00:00.000Z";"2025-12-20T23:59:59.999Z";"2025-12-20T05:45:00.000Z";"2025-12-20T00:55:00.000Z";"2787";620332.6742188452;623117.6745214503;619079.8537355885;622038.928348749;103421061497.79478;12419030010047.771;19964878;"2025-12-20T23:59:59.999Z"
"2025-12-19T00:00:00.000Z";"2025-12-19T23:59:59.999Z";"2025-12-19T15:18:00.000Z";"2025-12-19T02:05:00.000Z";"2787";601905.8559336307;629036.7405816941;599251.5732803807;620344.7133316038;329086626309.0202;12385810174987.922;19964415;"2025-12-19T23:59:59.999Z"
"2025-12-18T00:00:00.000Z";"2025-12-18T23:59:59.999Z";"2025-12-18T14:02:00.000Z";"2025-12-18T20:01:00.000Z";"2787";606783.6783415773;629536.6722845603;594583.6462152809;601809.8774304658;370976627089.5736;12019836713875.826;19963959;"2025-12-18T23:59:59.999Z"
"2025-12-17T00:00:00.000Z";"2025-12-17T23:59:59.999Z";"2025-12-17T15:16:00.000Z";"2025-12-17T19:12:00.000Z";"2787";618622.9077925686;635778.4927322721;600950.709816512;606779.4002304128;311561972899.8216;12110430425116.219;19963500;"2025-12-17T23:59:59.999Z"
"2025-12-16T00:00:00.000Z";"2025-12-16T23:59:59.999Z";"2025-12-16T15:58:00.000Z";"2025-12-16T04:51:00.000Z";"2787";609054.4025462545;620902.6446696295;601368.8486422595;618597.3515703421;290784885479.20844;12358826189295.389;19963081;"2025-12-16T23:59:59.999Z"
"2025-12-15T00:00:00.000Z";"2025-12-15T23:59:59.999Z";"2025-12-15T02:23:00.000Z";"2025-12-15T18:36:00.000Z";"2787";622002.8865195179;634719.4046670442;601197.5497000262;609021.7982948672;321399593788.1422;12170815082589.75;19962596;"2025-12-15T23:59:59.999Z"
"2025-12-14T00:00:00.000Z";"2025-12-14T23:59:59.999Z";"2025-12-14T00:48:00.000Z";"2025-12-14T23:34:00.000Z";"2787";636996.196965498;638418.9224381893;618220.663545271;622031.7890381803;356012200922.42487;12416541667259.78;19962193;"2025-12-14T23:59:59.999Z"
"2025-12-13T00:00:00.000Z";"2025-12-13T23:59:59.999Z";"2025-12-13T10:44:00.000Z";"2025-12-13T21:34:00.000Z";"2787";636723.6541120708;639473.298405823;633501.0962287724;637012.2505219609;453165194044.1049;12715590684585.938;19961800;"2025-12-13T23:59:59.999Z"
"2025-12-12T00:00:00.000Z";"2025-12-12T23:59:59.999Z";"2025-12-12T03:07:00.000Z";"2025-12-12T16:44:00.000Z";"2787";652966.0908001434;654401.5931030845;631687.1623511082;636812.6271130383;566591207182.6818;12716251351230.83;19961337;"2025-12-12T23:59:59.999Z"
"2025-12-11T00:00:00.000Z";"2025-12-11T23:59:59.999Z";"2025-12-11T21:35:00.000Z";"2025-12-11T14:57:00.000Z";"2787";650023.0630498308;660310.7006688556;630537.478870916;652949.6573823331;455898663459.97595;13045877942643.182;19960887;"2025-12-11T23:59:59.999Z"
"2025-12-10T00:00:00.000Z";"2025-12-10T23:59:59.999Z";"2025-12-10T20:18:00.000Z";"2025-12-10T14:54:00.000Z";"2787";654762.0524782984;667443.3361932848;647281.7400024422;650091.1732395096;462105617759.6287;12972881165530.049;19960396;"2025-12-10T23:59:59.999Z"
"2025-12-09T00:00:00.000Z";"2025-12-09T23:59:59.999Z";"2025-12-09T17:07:00.000Z";"2025-12-09T05:19:00.000Z";"2787";640976.7901372669;668227.6555793216;633353.05226182;654737.144886785;472826035507.96295;13083981443469.025;19959915;"2025-12-09T23:59:59.999Z"
"2025-12-08T00:00:00.000Z";"2025-12-08T23:59:59.999Z";"2025-12-08T09:08:00.000Z";"2025-12-08T15:44:00.000Z";"2787";639310.8637928055;652374.6338723042;633923.8173836819;640980.3418078932;405782019732.84375;12790685490680.596;19959506;"2025-12-08T23:59:59.999Z"
"2025-12-07T00:00:00.000Z";"2025-12-07T23:59:59.999Z";"2025-12-07T18:33:00.000Z";"2025-12-07T14:34:00.000Z";"2787";631203.0501445322;648616.9489141715;620751.6887863752;639176.904835717;335086675133.6921;12760009366305.814;19959006;"2025-12-07T23:59:59.999Z"
"2025-12-06T00:00:00.000Z";"2025-12-06T23:59:59.999Z";"2025-12-06T14:19:00.000Z";"2025-12-06T23:27:00.000Z";"2787";631991.7234456606;638199.9748492887;628897.1873601677;631164.6103283402;268621679209.067;12597891324431.695;19958540;"2025-12-06T23:59:59.999Z"
"2025-12-05T00:00:00.000Z";"2025-12-05T23:59:59.999Z";"2025-12-05T02:40:00.000Z";"2025-12-05T16:43:00.000Z";"2787";651862.3067974783;655416.9126798736;623262.1038610899;631980.3624534152;447550509590.8554;12622233916980.754;19957806;"2025-12-05T23:59:59.999Z"
"2025-12-04T00:00:00.000Z";"2025-12-04T23:59:59.999Z";"2025-12-04T03:08:00.000Z";"2025-12-04T19:24:00.000Z";"2787";660142.1785077336;664840.9832277653;643355.6765636447;651597.9103303658;455886368855.7754;12988721316730.156;19957665;"2025-12-04T23:59:59.999Z"
"2025-12-03T00:00:00.000Z";"2025-12-03T23:59:59.999Z";"2025-12-03T23:03:00.000Z";"2025-12-03T00:38:00.000Z";"2787";645855.4985735142;664431.190037705;643814.1958327515;660661.7004841536;549025774351.8018;13187118594786.398;19957250;"2025-12-03T23:59:59.999Z"
"2025-12-02T00:00:00.000Z";"2025-12-02T23:59:59.999Z";"2025-12-02T19:43:00.000Z";"2025-12-02T00:23:00.000Z";"2787";610455.7247453176;652724.7256591448;609604.6738168312;645891.6274641898;555467247588.9045;12891611155190.203;19956850;"2025-12-02T23:59:59.999Z"
"2025-12-01T00:00:00.000Z";"2025-12-01T23:59:59.999Z";"2025-12-01T00:02:00.000Z";"2025-12-01T15:46:00.000Z";"2787";639552.6658305645;639616.6900761346;593061.333613004;610448.8783462554;622385857644.8618;12188977636090.758;19956431;"2025-12-01T23:59:59.999Z"
"2025-11-30T00:00:00.000Z";"2025-11-30T23:59:59.999Z";"2025-11-30T13:26:00.000Z";"2025-11-30T23:59:00.000Z";"2787";642707.5806510504;650680.2822778617;639500.4106656435;639500.4106656435;272384212169.8166;12762453734154.922;19955987;"2025-11-30T23:59:59.999Z"
"2025-11-29T00:00:00.000Z";"2025-11-29T23:59:59.999Z";"2025-11-29T16:22:00.000Z";"2025-11-29T18:14:00.000Z";"2787";643277.3605015575;645179.7746910732;638617.8955282158;642975.4124447864;268307923728.2159;12825546626729;19955493;"2025-11-29T23:59:59.999Z"
"2025-11-28T00:00:00.000Z";"2025-11-28T23:59:59.999Z";"2025-11-28T14:31:00.000Z";"2025-11-28T17:43:00.000Z";"2787";646282.2294562581;657746.9902775274;638618.7428004513;643281.1070274855;431130299277.6509;12844801981858.824;19955059;"2025-11-28T23:59:59.999Z"
"2025-11-27T00:00:00.000Z";"2025-11-27T23:59:59.999Z";"2025-11-27T09:38:00.000Z";"2025-11-27T00:16:00.000Z";"2787";640901.988342187;650928.9056292142;637869.8109441873;646282.1791222527;403870425989.4078;12897385972455.904;19954584;"2025-11-27T23:59:59.999Z"
"2025-11-26T00:00:00.000Z";"2025-11-26T23:59:59.999Z";"2025-11-26T22:12:00.000Z";"2025-11-26T12:23:00.000Z";"2787";618821.6440535253;641350.8006563382;611533.6625220925;640906.263993518;471109674669.4351;12796495370359.096;19954125;"2025-11-26T23:59:59.999Z"
"2025-11-25T00:00:00.000Z";"2025-11-25T23:59:59.999Z";"2025-11-25T04:56:00.000Z";"2025-11-25T14:52:00.000Z";"2787";626972.6837395474;627622.4718204504;610232.5606124676;618795.4817497825;460533167465.2204;12379256903059.451;19953446;"2025-11-25T23:59:59.999Z"
"2025-11-24T00:00:00.000Z";"2025-11-24T23:59:59.999Z";"2025-11-24T20:56:00.000Z";"2025-11-24T14:51:00.000Z";"2787";616891.887518359;633623.6793292409;605918.6442848783;626976.9746438022;529012864735.6331;12517639402368.525;19953268;"2025-11-24T23:59:59.999Z"
"2025-11-23T00:00:00.000Z";"2025-11-23T23:59:59.999Z";"2025-11-23T23:01:00.000Z";"2025-11-23T00:02:00.000Z";"2787";601610.3587456729;625702.5992538601;601561.7838134251;616936.2131441653;412807689150.77423;12308619899898.684;19952637;"2025-11-23T23:59:59.999Z"
"2025-11-22T00:00:00.000Z";"2025-11-22T23:59:59.999Z";"2025-11-22T00:16:00.000Z";"2025-11-22T10:55:00.000Z";"2787";604808.2727794425;607682.7189123146;593382.3588939339;601608.5685236059;289922675306.9935;12003568115395.729;19952396;"2025-11-22T23:59:59.999Z"
"2025-11-21T00:00:00.000Z";"2025-11-21T23:59:59.999Z";"2025-11-21T00:40:00.000Z";"2025-11-21T12:30:00.000Z";"2787";615773.3584771467;621836.7813761854;574007.48915172;604752.2698152378;919136476496.1742;12081992275819.342;19950600;"2025-11-21T23:59:59.999Z"
"2025-11-20T00:00:00.000Z";"2025-11-20T23:59:59.999Z";"2025-11-20T05:07:00.000Z";"2025-11-20T19:09:00.000Z";"2787";650422.3245068268;661966.3983525803;612300.7294859734;616507.2429757715;696728043516.7688;12276761721151.127;19950600;"2025-11-20T23:59:59.999Z"
"2025-11-19T00:00:00.000Z";"2025-11-19T23:59:59.999Z";"2025-11-19T00:00:00.000Z";"2025-11-19T20:12:00.000Z";"2787";660661.3481151612;660661.3481151612;629248.699577933;650469.5279011194;571130320895.3965;12970688078442.055;19950600;"2025-11-19T23:59:59.999Z"
"2025-11-18T00:00:00.000Z";"2025-11-18T23:59:59.999Z";"2025-11-18T16:35:00.000Z";"2025-11-18T06:53:00.000Z";"2787";654580.3125584567;666321.2554662423;635104.9018615155;660680.5849625512;720248608821.9208;13179928290818.863;19950440;"2025-11-18T23:59:59.999Z"
"2025-11-17T00:00:00.000Z";"2025-11-17T23:59:59.999Z";"2025-11-17T08:26:00.000Z";"2025-11-17T20:05:00.000Z";"2787";668641.8405380202;681551.88018757;648327.1098061881;654575.6297131771;668679392868.8167;13044031505805.74;19950196;"2025-11-17T23:59:59.999Z"
"2025-11-16T00:00:00.000Z";"2025-11-16T23:59:59.999Z";"2025-11-16T10:00:00.000Z";"2025-11-16T22:12:00.000Z";"2787";678410.7464332398;685562.3037504285;660053.4384651344;668614.8491307838;504680285815.703;13338610372226.96;19948812;"2025-11-16T23:59:59.999Z"
"2025-11-15T00:00:00.000Z";"2025-11-15T23:59:59.999Z";"2025-11-15T03:29:00.000Z";"2025-11-15T00:00:00.000Z";"2787";670342.8551215451;686728.6263809198;670342.8551215451;678355.9390387603;273337762922.11697;13532395096967.738;19948812;"2025-11-15T23:59:59.999Z"
"2025-11-14T00:00:00.000Z";"2025-11-14T23:59:59.999Z";"2025-11-14T02:45:00.000Z";"2025-11-14T23:09:00.000Z";"2787";707423.6659285385;708222.2356753895;667362.9114234827;670181.8146079804;811390917008.5376;13365668539139.541;19948812;"2025-11-14T23:59:59.999Z"
"2025-11-13T00:00:00.000Z";"2025-11-13T23:59:59.999Z";"2025-11-13T07:29:00.000Z";"2025-11-13T20:22:00.000Z";"2787";723853.8479807867;738428.605656334;696969.2816721778;707443.4238582476;722947320331.5679;14158632703217.787;19948437;"2025-11-13T23:59:59.999Z"
"2025-11-12T00:00:00.000Z";"2025-11-12T23:59:59.999Z";"2025-11-12T12:23:00.000Z";"2025-11-12T19:29:00.000Z";"2787";733163.2827301949;749431.999685356;717513.0081391331;723775.8085027288;457978179997.34705;14435260666766.887;19947975;"2025-11-12T23:59:59.999Z"
"2025-11-11T00:00:00.000Z";"2025-11-11T23:59:59.999Z";"2025-11-11T01:23:00.000Z";"2025-11-11T21:53:00.000Z";"2787";754660.5264381599;764851.6102310139;729219.5538455478;733063.90065532;506421263922.0262;14629626146212.914;19947531;"2025-11-11T23:59:59.999Z"
"2025-11-10T00:00:00.000Z";"2025-11-10T23:59:59.999Z";"2025-11-10T01:14:00.000Z";"2025-11-10T00:07:00.000Z";"2787";745565.1770365889;759017.7127081916;742908.7709839498;754658.6724870112;495406286244.79443;15052493952021.033;19946887;"2025-11-10T23:59:59.999Z"
"2025-11-09T00:00:00.000Z";"2025-11-09T23:59:59.999Z";"2025-11-09T23:03:00.000Z";"2025-11-09T03:31:00.000Z";"2787";728492.2691581321;750510.2626255515;722722.2108934632;745535.7611736445;425071376283.12244;14878206877727.637;19946503;"2025-11-09T23:59:59.999Z"
"2025-11-08T00:00:00.000Z";"2025-11-08T23:59:59.999Z";"2025-11-08T00:00:00.000Z";"2025-11-08T14:20:00.000Z";"2787";736275.2800044013;736288.5136561276;722645.0359731679;728514.5855304807;366434201989.90857;14530643028682.484;19946187;"2025-11-08T23:59:59.999Z"
"2025-11-07T00:00:00.000Z";"2025-11-07T23:59:59.999Z";"2025-11-07T22:09:00.000Z";"2025-11-07T12:56:00.000Z";"2787";721097.2819941195;741127.3049215619;706650.693942904;736280.3040911958;656181073356.8931;14678994260368.312;19945790;"2025-11-07T23:59:59.999Z"
"2025-11-06T00:00:00.000Z";"2025-11-06T23:59:59.999Z";"2025-11-06T04:47:00.000Z";"2025-11-06T16:45:00.000Z";"2787";740429.3808027321;741987.052279116;714418.5566759455;721204.4074119625;455635943088.3564;14397491407371.104;19945356;"2025-11-06T23:59:59.999Z"
"2025-11-05T00:00:00.000Z";"2025-11-05T23:59:59.999Z";"2025-11-05T20:16:00.000Z";"2025-11-05T01:40:00.000Z";"2787";724239.6419480729;745018.8870480309;705847.5952092109;740416.3331111012;553165068163.7224;14773434551426.383;19944128;"2025-11-05T23:59:59.999Z"
"2025-11-04T00:00:00.000Z";"2025-11-04T23:59:59.999Z";"2025-11-04T04:06:00.000Z";"2025-11-04T21:37:00.000Z";"2787";758681.4660703295;764283.7426577585;705574.7765326962;724320.1060150069;790197322767.5287;14426500119852.729;19944128;"2025-11-04T23:59:59.999Z"
"2025-11-03T00:00:00.000Z";"2025-11-03T23:59:59.999Z";"2025-11-03T00:11:00.000Z";"2025-11-03T16:09:00.000Z";"2787";787518.2840226474;788358.217021093;750342.4732321631;758724.8871006955;518516870060.6019;15123552802910.586;19944078;"2025-11-03T23:59:59.999Z"
"2025-11-02T00:00:00.000Z";"2025-11-02T23:59:59.999Z";"2025-11-02T12:06:00.000Z";"2025-11-02T22:36:00.000Z";"2787";783372.5857490833;790863.0817532523;779522.2475005036;787466.4763059999;244014432403.05377;15705991387703.164;19943653;"2025-11-02T23:59:59.999Z"
"2025-11-01T00:00:00.000Z";"2025-11-01T23:59:59.999Z";"2025-11-01T20:34:00.000Z";"2025-11-01T00:10:00.000Z";"2787";779772.5753660231;787005.8029548968;778451.0679544274;783014.0470262463;184139015246.2274;15622916983481.834;19943150;"2025-11-01T23:59:59.999Z"
"2025-10-31T00:00:00.000Z";"2025-10-31T23:59:59.999Z";"2025-10-31T15:11:00.000Z";"2025-10-31T00:01:00.000Z";"2787";770087.7095508958;790291.198746851;769972.9243172355;779755.0193771713;427266492612.22626;15535468484811.342;19942690;"2025-10-31T23:59:59.999Z"
"2025-10-30T00:00:00.000Z";"2025-10-30T23:59:59.999Z";"2025-10-30T07:20:00.000Z";"2025-10-30T20:00:00.000Z";"2787";781255.2086825015;793173.1528028422;756380.8078066228;770095.7739157816;494580639229.823;15331389711293.041;19942003;"2025-10-30T23:59:59.999Z"
"2025-10-29T00:00:00.000Z";"2025-10-29T23:59:59.999Z";"2025-10-29T13:28:00.000Z";"2025-10-29T18:41:00.000Z";"2787";801662.3800555884;806772.4267917766;776353.8599039759;781227.5673679495;441519974197.12665;15581373753746.518;19941778;"2025-10-29T23:59:59.999Z"
"2025-10-28T00:00:00.000Z";"2025-10-28T23:59:59.999Z";"2025-10-28T14:22:00.000Z";"2025-10-28T21:09:00.000Z";"2787";811514.8882590221;824288.481939116;797186.7195409593;801909.7119563763;458826816877.1835;16011459939236.617;19941362;"2025-10-28T23:59:59.999Z"
"2025-10-27T00:00:00.000Z";"2025-10-27T23:59:59.999Z";"2025-10-27T07:07:00.000Z";"2025-10-27T23:17:00.000Z";"2787";815251.5439560413;826831.1650712254;809754.343946568;811445.4589227004;439824506471.25165;16207033751230.91;19940893;"2025-10-27T23:59:59.999Z"
"2025-10-26T00:00:00.000Z";"2025-10-26T23:59:59.999Z";"2025-10-26T22:05:00.000Z";"2025-10-26T04:02:00.000Z";"2787";795043.0954544266;820842.9058144582;792404.0975957819;815222.3737512826;297029340110.799;16256916756183.65;19940434;"2025-10-26T23:59:59.999Z"
"2025-10-25T00:00:00.000Z";"2025-10-25T23:59:59.999Z";"2025-10-25T12:59:00.000Z";"2025-10-25T00:55:00.000Z";"2787";790724.3185371986;797241.1763887787;788386.9751951942;795062.1623383655;175956888097.4917;15853126726594.395;19939959;"2025-10-25T23:59:59.999Z"
"2025-10-24T00:00:00.000Z";"2025-10-24T23:59:59.999Z";"2025-10-24T12:32:00.000Z";"2025-10-24T14:28:00.000Z";"2787";783990.9918344886;796620.7742924697;781837.9051054482;790733.6349173203;343035051106.3571;15769150868511.775;19939446;"2025-10-24T23:59:59.999Z"
"2025-10-23T00:00:00.000Z";"2025-10-23T23:59:59.999Z";"2025-10-23T18:03:00.000Z";"2025-10-23T00:05:00.000Z";"2787";767377.5207586923;792675.2738753456;766443.8803911043;783993.6154284396;391558958042.22406;15640245151585.77;19938884;"2025-10-23T23:59:59.999Z"
"2025-10-22T00:00:00.000Z";"2025-10-22T23:59:59.999Z";"2025-10-22T15:08:00.000Z";"2025-10-22T21:31:00.000Z";"2787";772720.0568225257;777739.9594074783;760948.05392085;767442.7232558104;575539870941.5294;15291527292273.336;19938465;"2025-10-22T23:59:59.999Z"
"2025-10-21T00:00:00.000Z";"2025-10-21T23:59:59.999Z";"2025-10-21T16:37:00.000Z";"2025-10-21T08:48:00.000Z";"2787";787406.479493241;811927.5772295452;765410.8374147248;772615.7798177882;720524592011.6907;15401727531060.467;19937981;"2025-10-21T23:59:59.999Z"
"2025-10-20T00:00:00.000Z";"2025-10-20T23:59:59.999Z";"2025-10-20T15:53:00.000Z";"2025-10-20T00:34:00.000Z";"2787";774483.7387721692;795382.5567246779;766056.4452045817;787404.2416283527;452626392093.19086;15714320322241.295;19937518;"2025-10-20T23:59:59.999Z"
"2025-10-19T00:00:00.000Z";"2025-10-19T23:59:59.999Z";"2025-10-19T18:58:00.000Z";"2025-10-19T09:30:00.000Z";"2787";764050.5069517842;780333.5243044113;756591.8815581464;774478.5197192986;339653885655.1243;15440533886484.234;19936690;"2025-10-19T23:59:59.999Z"
"2025-10-18T00:00:00.000Z";"2025-10-18T23:59:59.999Z";"2025-10-18T07:13:00.000Z";"2025-10-18T00:17:00.000Z";"2787";758914.9051881252;766093.597425537;758228.6750585157;764007.4077631397;269259273914.916;15232563988541.453;19936593;"2025-10-18T23:59:59.999Z"
"2025-10-17T00:00:00.000Z";"2025-10-17T23:59:59.999Z";"2025-10-17T04:03:00.000Z";"2025-10-17T10:25:00.000Z";"2787";770698.9456321078;778152.1994216955;738252.7638374553;758801.2287070047;710312917574.1794;15123929863509.816;19936096;"2025-10-17T23:59:59.999Z"
"2025-10-16T00:00:00.000Z";"2025-10-16T23:59:59.999Z";"2025-10-16T12:05:00.000Z";"2025-10-16T20:36:00.000Z";"2787";789508.8143083332;798124.9273378255;766112.4707074501;770717.3380982606;622204722626.6317;15369241257383.404;19935256;"2025-10-16T23:59:59.999Z"
"2025-10-15T00:00:00.000Z";"2025-10-15T23:59:59.999Z";"2025-10-15T02:31:00.000Z";"2025-10-15T17:17:00.000Z";"2787";807520.6467795343;809718.5431125034;785617.728817148;789518.3952245633;518106734452.6187;15765601923862.17;19934406;"2025-10-15T23:59:59.999Z"
"2025-10-14T00:00:00.000Z";"2025-10-14T23:59:59.999Z";"2025-10-14T00:34:00.000Z";"2025-10-14T13:39:00.000Z";"2787";822080.6436247067;823778.086381577;785621.5371753006;807554.1648538336;657671748211.5952;16081885893363.113;19934406;"2025-10-14T23:59:59.999Z"
"2025-10-13T00:00:00.000Z";"2025-10-13T23:59:59.999Z";"2025-10-13T19:55:00.000Z";"2025-10-13T11:31:00.000Z";"2787";819352.2911622768;827469.7116431225;811784.1105895397;822124.8349831483;509291803841.70013;16347740825596.277;19934165;"2025-10-13T23:59:59.999Z"
"2025-10-12T00:00:00.000Z";"2025-10-12T23:59:59.999Z";"2025-10-12T22:03:00.000Z";"2025-10-12T01:00:00.000Z";"2787";789532.0379433715;823924.0877564468;781723.2318194296;819409.8363714224;667686700395.8217;16355391189460.018;19932790;"2025-10-12T23:59:59.999Z"
"2025-10-11T00:00:00.000Z";"2025-10-11T23:59:59.999Z";"2025-10-11T03:02:00.000Z";"2025-10-11T21:10:00.000Z";"2787";806809.562063444;808186.7873525266;782044.0240172202;789506.1401540317;785438157175.6488;15737576310597.28;19932790;"2025-10-11T23:59:59.999Z"
"2025-10-10T00:00:00.000Z";"2025-10-10T23:59:59.999Z";"2025-10-10T13:43:00.000Z";"2025-10-10T21:21:00.000Z";"2787";867572.2407126066;872562.814163368;745149.6808536584;806652.3577010607;1091551697001.3523;16089853375426.355;19932775;"2025-10-10T23:59:59.999Z"
"2025-10-09T00:00:00.000Z";"2025-10-09T23:59:59.999Z";"2025-10-09T12:43:00.000Z";"2025-10-09T17:01:00.000Z";"2787";878098.2539140711;880962.2783357176;853936.3144906802;867538.8738665357;531492100601.00073;17270473696778.133;19931834;"2025-10-09T23:59:59.999Z"
"2025-10-08T00:00:00.000Z";"2025-10-08T23:59:59.999Z";"2025-10-08T17:59:00.000Z";"2025-10-08T06:08:00.000Z";"2787";864657.6260663843;884007.6090827163;862314.0583703277;878224.9993528147;465293244198.30853;17502231549403.545;19931834;"2025-10-08T23:59:59.999Z"
"2025-10-07T00:00:00.000Z";"2025-10-07T23:59:59.999Z";"2025-10-07T12:58:00.000Z";"2025-10-07T18:30:00.000Z";"2787";888179.0963695609;891247.6718861102;859225.0913071854;864679.1658601594;542149549857.15204;17233928661887.936;19931506;"2025-10-07T23:59:59.999Z"
"2025-10-06T00:00:00.000Z";"2025-10-06T23:59:59.999Z";"2025-10-06T18:59:00.000Z";"2025-10-06T00:56:00.000Z";"2787";879332.6485499333;898473.4664451429;877094.2701609196;888181.8632291899;516654149620.3847;17701498236623.906;19930240;"2025-10-06T23:59:59.999Z"
"2025-10-05T00:00:00.000Z";"2025-10-05T23:59:59.999Z";"2025-10-05T04:53:00.000Z";"2025-10-05T01:24:00.000Z";"2787";871566.8454645212;893918.7866746581;869945.6459840663;879354.1761065854;524631097814.0325;17523519524830.764;19928203;"2025-10-05T23:59:59.999Z"
"2025-10-04T00:00:00.000Z";"2025-10-04T23:59:59.999Z";"2025-10-04T05:27:00.000Z";"2025-10-04T18:57:00.000Z";"2787";870483.2510352997;874684.9694181685;865571.5196021952;871607.8398399748;261778118165.55164;17368761024486.635;19928203;"2025-10-04T23:59:59.999Z"
"2025-10-03T00:00:00.000Z";"2025-10-03T23:59:59.999Z";"2025-10-03T16:38:00.000Z";"2025-10-03T08:19:00.000Z";"2787";859023.4163592214;882430.5241898792;849677.7894169498;870476.5797583621;597624939037.722;17347288763279.723;19928203;"2025-10-03T23:59:59.999Z"
"2025-10-02T00:00:00.000Z";"2025-10-02T23:59:59.999Z";"2025-10-02T19:16:00.000Z";"2025-10-02T06:03:00.000Z";"2787";844757.5266223626;862080.7306726865;842840.73281028;859196.2626633353;508447400985.1717;17118913246801.436;19928203;"2025-10-02T23:59:59.999Z"
"2025-10-01T00:00:00.000Z";"2025-10-01T23:59:59.999Z";"2025-10-01T23:59:00.000Z";"2025-10-01T00:28:00.000Z";"2787";812033.0275490308;844732.9119742129;811490.5485996841;844732.9119742129;507824538196.9243;16834263023425.025;19928203;"2025-10-01T23:59:59.999Z"
"2025-09-30T00:00:00.000Z";"2025-09-30T23:59:59.999Z";"2025-09-30T01:16:00.000Z";"2025-09-30T10:04:00.000Z";"2787";814446.0258529432;817579.283514834;802667.724774925;812022.287528368;419953178273.6093;16182359015701.691;19928203;"2025-09-30T23:59:59.999Z"
"2025-09-29T00:00:00.000Z";"2025-09-29T23:59:59.999Z";"2025-09-29T20:45:00.000Z";"2025-09-29T07:27:00.000Z";"2787";799826.5237401403;814994.5808490345;794297.2689437695;814473.55117568;428029051990.17865;16262915116851.057;19928043;"2025-09-29T23:59:59.999Z"
"2025-09-28T00:00:00.000Z";"2025-09-28T23:59:59.999Z";"2025-09-28T23:10:00.000Z";"2025-09-28T12:50:00.000Z";"2787";782443.5915480048;801659.7194933502;779269.0759722724;799860.4831726743;238060717274.62018;15938371353811.498;19927425;"2025-09-28T23:59:59.999Z"
"2025-09-27T00:00:00.000Z";"2025-09-27T23:59:59.999Z";"2025-09-27T04:35:00.000Z";"2025-09-27T09:29:00.000Z";"2787";782623.3172393997;783132.3666504609;778608.1002336963;782443.5571895489;187675001110.21725;15591821521369.623;19927087;"2025-09-27T23:59:59.999Z"
"2025-09-26T00:00:00.000Z";"2025-09-26T23:59:59.999Z";"2025-09-26T18:28:00.000Z";"2025-09-26T11:20:00.000Z";"2787";777987.8280063036;787274.9006894435;775933.478362519;782663.9118435122;411951143992.40295;15597341453028.197;19926631;"2025-09-26T23:59:59.999Z"
"2025-09-25T00:00:00.000Z";"2025-09-25T23:59:59.999Z";"2025-09-25T00:09:00.000Z";"2025-09-25T18:02:00.000Z";"2787";808293.4079441245;809797.7408784088;775659.2103912228;778044.8597156255;538685468081.6868;15496694167061.023;19926203;"2025-09-25T23:59:59.999Z"
"2025-09-24T00:00:00.000Z";"2025-09-24T23:59:59.999Z";"2025-09-24T17:43:00.000Z";"2025-09-24T04:13:00.000Z";"2787";796620.9257944219;812967.184350628;791498.9868706999;808282.4578020185;341702769161.69244;16060685378244.559;19925746;"2025-09-24T23:59:59.999Z"
"2025-09-23T00:00:00.000Z";"2025-09-23T23:59:59.999Z";"2025-09-23T09:12:00.000Z";"2025-09-23T20:37:00.000Z";"2787";802235.6113286373;806158.7980010754;793257.684833304;796675.7201213083;335898172521.7631;15878477648210.834;19925284;"2025-09-23T23:59:59.999Z"
"2025-09-22T00:00:00.000Z";"2025-09-22T23:59:59.999Z";"2025-09-22T00:13:00.000Z";"2025-09-22T19:47:00.000Z";"2787";820494.3009330248;821363.0229257199;796968.5817381503;802171.7929577287;502960198871.1738;15986428577172.64;19924828;"2025-09-22T23:59:59.999Z"
"2025-09-21T00:00:00.000Z";"2025-09-21T23:59:59.999Z";"2025-09-21T08:02:00.000Z";"2025-09-21T22:23:00.000Z";"2787";823489.994977459;824705.7928292957;819922.183311599;820472.0649608467;160071485865.71628;16346950823801.77;19923296;"2025-09-21T23:59:59.999Z"
"2025-09-20T00:00:00.000Z";"2025-09-20T23:59:59.999Z";"2025-09-20T15:31:00.000Z";"2025-09-20T03:56:00.000Z";"2787";823211.7938214482;826769.7332419095;821663.4093586031;823431.1658218394;162694277676.7185;16406634922974.477;19923296;"2025-09-20T23:59:59.999Z"
"2025-09-19T00:00:00.000Z";"2025-09-19T23:59:59.999Z";"2025-09-19T01:06:00.000Z";"2025-09-19T20:01:00.000Z";"2787";833141.701679737;835574.7523140075;819303.1151211798;823195.672267819;276167521119.58704;16393946898344.238;19923296;"2025-09-19T23:59:59.999Z"
"2025-09-18T00:00:00.000Z";"2025-09-18T23:59:59.999Z";"2025-09-18T18:52:00.000Z";"2025-09-18T00:27:00.000Z";"2787";827305.8718852934;838647.5945427932;825370.3441623707;833138.352497334;351329623336.429;16578012126802.174;19922840;"2025-09-18T23:59:59.999Z"
"2025-09-17T00:00:00.000Z";"2025-09-17T23:59:59.999Z";"2025-09-17T07:23:00.000Z";"2025-09-17T18:47:00.000Z";"2787";831244.2605435567;834077.3253217747;815455.9886135923;827357.3359429601;430617561746.7672;16506594532363.56;19922359;"2025-09-17T23:59:59.999Z"
"2025-09-16T00:00:00.000Z";"2025-09-16T23:59:59.999Z";"2025-09-16T22:09:00.000Z";"2025-09-16T13:52:00.000Z";"2787";821692.8158936991;832416.484258922;816941.078861897;831263.3078738712;325916712274.0123;16570658495700.412;19921959;"2025-09-16T23:59:59.999Z"
"2025-09-15T00:00:00.000Z";"2025-09-15T23:59:59.999Z";"2025-09-15T06:11:00.000Z";"2025-09-15T13:46:00.000Z";"2787";822187.7520103265;831595.1437969507;815054.3385860429;821852.0488106518;377166366981.4685;16382610947862.398;19921468;"2025-09-15T23:59:59.999Z"
"2025-09-14T00:00:00.000Z";"2025-09-14T23:59:59.999Z";"2025-09-14T09:49:00.000Z";"2025-09-14T23:50:00.000Z";"2787";826111.0476859957;827758.3275151016;820925.0070706141;822244.9156416146;233676167493.7456;16378770964663.205;19920962;"2025-09-14T23:59:59.999Z"
"2025-09-13T00:00:00.000Z";"2025-09-13T23:59:59.999Z";"2025-09-13T01:04:00.000Z";"2025-09-13T17:10:00.000Z";"2787";827131.7835365809;828849.3636654299;821109.3909703066;826112.5633242305;246154501658.4739;16456518689875.371;19920468;"2025-09-13T23:59:59.999Z"
"2025-09-12T00:00:00.000Z";"2025-09-12T23:59:59.999Z";"2025-09-12T19:56:00.000Z";"2025-09-12T12:11:00.000Z";"2787";822257.5913151016;831946.8196784985;817187.4957475128;827188.9334131381;389999478472.6283;16462375272433.43;19919928;"2025-09-12T23:59:59.999Z"
"2025-09-11T00:00:00.000Z";"2025-09-11T23:59:59.999Z";"2025-09-11T23:58:00.000Z";"2025-09-11T13:19:00.000Z";"2787";811553.5178846384;822370.3330445216;807848.0627962423;822263.507392393;325337055750.9053;16385211544260.617;19919640;"2025-09-11T23:59:59.999Z"
"2025-09-10T00:00:00.000Z";"2025-09-10T23:59:59.999Z";"2025-09-10T13:50:00.000Z";"2025-09-10T01:52:00.000Z";"2787";794269.7817807083;813846.932838354;790847.4319230655;811510.2977234197;401492179553.53644;16165912693456.84;19919153;"2025-09-10T23:59:59.999Z"
"2025-09-09T00:00:00.000Z";"2025-09-09T23:59:59.999Z";"2025-09-09T07:31:00.000Z";"2025-09-09T15:46:00.000Z";"2787";799101.9182038414;807059.6140680274;788896.2712456529;794264.8116938048;327864749100.42584;15839442824747.268;19918650;"2025-09-09T23:59:59.999Z"
"2025-09-08T00:00:00.000Z";"2025-09-08T23:59:59.999Z";"2025-09-08T15:26:00.000Z";"2025-09-08T02:22:00.000Z";"2787";792681.2473104129;804689.9289856622;788884.7224015279;799058.0965181614;286749529841.0577;15918641012267.727;19918150;"2025-09-08T23:59:59.999Z"
"2025-09-07T00:00:00.000Z";"2025-09-07T23:59:59.999Z";"2025-09-07T23:28:00.000Z";"2025-09-07T00:03:00.000Z";"2787";786192.1842959401;795916.651290759;786122.9647557746;792714.0612610914;175596554937.325;15792873876414.086;19917634;"2025-09-07T23:59:59.999Z"
"2025-09-06T00:00:00.000Z";"2025-09-06T23:59:59.999Z";"2025-09-06T03:29:00.000Z";"2025-09-06T19:55:00.000Z";"2787";790277.4184217773;793707.991338977;784785.2885543549;786216.2352491696;153560279620.4634;15679003312764.412;19917137;"2025-09-06T23:59:59.999Z"
"2025-09-05T00:00:00.000Z";"2025-09-05T23:59:59.999Z";"2025-09-05T12:56:00.000Z";"2025-09-05T17:44:00.000Z";"2787";789543.672106326;808329.5839225543;787253.8385005872;789256.9017487542;429571141256.77795;15714810456382.887;19916693;"2025-09-05T23:59:59.999Z"
"2025-09-04T00:00:00.000Z";"2025-09-04T23:59:59.999Z";"2025-09-04T00:58:00.000Z";"2025-09-04T15:22:00.000Z";"2787";796639.7778550563;800135.1477482021;779733.1936471077;790589.1076906105;428783082489.72406;15724778372703.52;19916287;"2025-09-04T23:59:59.999Z"
"2025-09-03T00:00:00.000Z";"2025-09-03T23:59:59.999Z";"2025-09-03T17:53:00.000Z";"2025-09-03T07:21:00.000Z";"2787";793845.9932854054;804202.0640967047;788544.9576472542;796675.8895802338;436363695229.75366;15884726253807.225;19915362;"2025-09-03T23:59:59.999Z"
"2025-09-02T00:00:00.000Z";"2025-09-02T23:59:59.999Z";"2025-09-02T14:37:00.000Z";"2025-09-02T12:48:00.000Z";"2787";778990.464498621;796852.7287313725;773363.987441373;793135.7163020531;533219827970.19183;15790465022293.61;19915362;"2025-09-02T23:59:59.999Z"
"2025-09-01T00:00:00.000Z";"2025-09-01T23:59:59.999Z";"2025-09-01T09:34:00.000Z";"2025-09-01T05:20:00.000Z";"2787";771757.5496230816;783607.7824931102;764929.354646961;779044.1413782542;476839255754.1569;15513500063653.4;19914878;"2025-09-01T23:59:59.999Z"
"2025-08-31T00:00:00.000Z";"2025-08-31T23:59:59.999Z";"2025-08-31T01:57:00.000Z";"2025-08-31T23:41:00.000Z";"2787";775962.682298748;780758.419282535;770872.6796548488;771814.3309263674;342179936274.0042;15369095492031.889;19914409;"2025-08-31T23:59:59.999Z"
"2025-08-30T00:00:00.000Z";"2025-08-30T23:59:59.999Z";"2025-08-30T15:46:00.000Z";"2025-08-30T02:00:00.000Z";"2787";773045.7848662048;776753.3994901383;766164.8353732688;775888.5977702915;367138252813.6816;15452496024491.479;19913968;"2025-08-30T23:59:59.999Z"
"2025-08-29T00:00:00.000Z";"2025-08-29T23:59:59.999Z";"2025-08-29T00:30:00.000Z";"2025-08-29T21:04:00.000Z";"2787";802563.9935208124;803052.6814656629;766986.1689828649;773056.0046246644;555077787224.0372;15393812029991.238;19913475;"2025-08-29T23:59:59.999Z"
"2025-08-28T00:00:00.000Z";"2025-08-28T23:59:59.999Z";"2025-08-28T13:23:00.000Z";"2025-08-28T00:36:00.000Z";"2787";795661.0921878625;809057.875479947;793385.2134894213;802462.3102711656;421085555755.0084;16033646597093.43;19912962;"2025-08-28T23:59:59.999Z"
"2025-08-27T00:00:00.000Z";"2025-08-27T23:59:59.999Z";"2025-08-27T14:36:00.000Z";"2025-08-27T08:50:00.000Z";"2787";799663.5216664799;806388.8008602599;790506.7584335533;795682.6223700966;444460150784.4183;15841145495429.191;19912475;"2025-08-27T23:59:59.999Z"
"2025-08-26T00:00:00.000Z";"2025-08-26T23:59:59.999Z";"2025-08-26T23:14:00.000Z";"2025-08-26T01:02:00.000Z";"2787";787552.5399707557;803964.5940595825;777811.6974751204;799713.2150290976;496287784746.1716;15919788333865.377;19912006;"2025-08-26T23:59:59.999Z"
"2025-08-25T00:00:00.000Z";"2025-08-25T23:59:59.999Z";"2025-08-25T03:11:00.000Z";"2025-08-25T21:33:00.000Z";"2787";812976.1038214182;813840.1320212439;781832.5898250561;787554.2956581229;614133054355.6973;15712091546193.967;19911534;"2025-08-25T23:59:59.999Z"
"2025-08-24T00:00:00.000Z";"2025-08-24T23:59:59.999Z";"2025-08-24T02:10:00.000Z";"2025-08-24T19:38:00.000Z";"2787";827312.4881145336;828463.0077735194;795826.5464135566;813009.0878704301;530294196883.72736;16197091004389.129;19911084;"2025-08-24T23:59:59.999Z"
"2025-08-23T00:00:00.000Z";"2025-08-23T23:59:59.999Z";"2025-08-23T00:35:00.000Z";"2025-08-23T15:12:00.000Z";"2787";837429.3320122937;838360.0515486965;820731.3909305593;826737.8450297904;396815990628.36523;16462694160421.309;19910581;"2025-08-23T23:59:59.999Z"
"2025-08-22T00:00:00.000Z";"2025-08-22T23:59:59.999Z";"2025-08-22T18:15:00.000Z";"2025-08-22T12:36:00.000Z";"2787";807330.4038889739;841091.2256329173;801910.6904724098;837484.6485958231;592592937604.3549;16707751282521.52;19910115;"2025-08-22T23:59:59.999Z"
"2025-08-21T00:00:00.000Z";"2025-08-21T23:59:59.999Z";"2025-08-21T02:02:00.000Z";"2025-08-21T19:39:00.000Z";"2787";820065.1645805629;823387.5636492827;804117.1582727191;807224.8269649333;414912697005.7091;16064040156007.662;19909650;"2025-08-21T23:59:59.999Z"
"2025-08-20T00:00:00.000Z";"2025-08-20T23:59:59.999Z";"2025-08-20T22:57:00.000Z";"2025-08-20T14:18:00.000Z";"2787";810375.9808265717;822577.6382397084;806507.2538334226;820058.3948159065;488358751900.9008;16340947226862.994;19909200;"2025-08-20T23:59:59.999Z"
"2025-08-19T00:00:00.000Z";"2025-08-19T23:59:59.999Z";"2025-08-19T01:05:00.000Z";"2025-08-19T23:55:00.000Z";"2787";835186.1151248035;838941.2294036839;809674.8155420546;810398.6384618448;514852692776.20825;16139182795851.904;19908743;"2025-08-19T23:59:59.999Z"
"2025-08-18T00:00:00.000Z";"2025-08-18T23:59:59.999Z";"2025-08-18T00:11:00.000Z";"2025-08-18T09:35:00.000Z";"2787";843565.7010524702;844716.7386476398;823383.3409696459;835261.2360279259;522769316479.67194;16620666056358.824;19908312;"2025-08-18T23:59:59.999Z"
"2025-08-17T00:00:00.000Z";"2025-08-17T23:59:59.999Z";"2025-08-17T13:53:00.000Z";"2025-08-17T01:08:00.000Z";"2787";843844.9568761727;851766.7246102511;842313.2475614953;843560.7751118387;329314866748.0176;16793573536737.535;19907843;"2025-08-17T23:59:59.999Z"
"2025-08-16T00:00:00.000Z";"2025-08-16T23:59:59.999Z";"2025-08-16T01:55:00.000Z";"2025-08-16T10:23:00.000Z";"2787";843167.214446826;847459.5265697669;842258.8893609599;844017.2982161714;345005980210.7479;16798727028408.395;19907362;"2025-08-16T23:59:59.999Z"
"2025-08-15T00:00:00.000Z";"2025-08-15T23:59:59.999Z";"2025-08-15T06:49:00.000Z";"2025-08-15T16:17:00.000Z";"2787";849895.9233746968;856973.0636406365;839333.0531688019;843166.6750484814;493034402021.0569;16780524428584.748;19906903;"2025-08-15T23:59:59.999Z"
"2025-08-14T00:00:00.000Z";"2025-08-14T23:59:59.999Z";"2025-08-14T00:33:00.000Z";"2025-08-14T18:23:00.000Z";"2787";884972.4958474364;892992.259256594;841919.3710665397;849528.6485067816;746609532125.3325;16906291341788.184;19906468;"2025-08-14T23:59:59.999Z"
"2025-08-13T00:00:00.000Z";"2025-08-13T23:59:59.999Z";"2025-08-13T23:42:00.000Z";"2025-08-13T06:05:00.000Z";"2787";863245.8682229222;887433.9711807376;854034.1285481779;885005.9635115381;653023784459.3899;17637103298709.02;19905968;"2025-08-13T23:59:59.999Z"
"2025-08-12T00:00:00.000Z";"2025-08-12T23:59:59.999Z";"2025-08-12T20:56:00.000Z";"2025-08-12T10:15:00.000Z";"2787";853437.531805887;864758.2196699895;850017.2211126905;863274.0951557707;523370936517.54767;17195589964863.96;19905281;"2025-08-12T23:59:59.999Z"
"2025-08-11T00:00:00.000Z";"2025-08-11T23:59:59.999Z";"2025-08-11T06:56:00.000Z";"2025-08-11T21:54:00.000Z";"2787";857123.9899005519;878583.5144395212;849350.7289636787;853536.6264288026;650376891287.5146;16976856804538.412;19905062;"2025-08-11T23:59:59.999Z"
"2025-08-10T00:00:00.000Z";"2025-08-10T23:59:59.999Z";"2025-08-10T23:35:00.000Z";"2025-08-10T00:02:00.000Z";"2787";836931.2456565856;857223.8741389723;836841.08141126;857123.6354066727;465209690806.9431;17060453837474.182;19904578;"2025-08-10T23:59:59.999Z"
"2025-08-09T00:00:00.000Z";"2025-08-09T23:59:59.999Z";"2025-08-09T10:24:00.000Z";"2025-08-09T03:09:00.000Z";"2787";838228.4003832118;847052.8895815943;835969.4281348485;836950.2510608402;387972380921.10803;16658417607204.215;19904165;"2025-08-09T23:59:59.999Z"
"2025-08-08T00:00:00.000Z";"2025-08-08T23:59:59.999Z";"2025-08-08T00:39:00.000Z";"2025-08-08T15:47:00.000Z";"2787";843865.7295092412;845185.0002479089;832739.4272035551;838303.4722342171;428828946600.4993;16677913296908.035;19903825;"2025-08-08T23:59:59.999Z"
"2025-08-07T00:00:00.000Z";"2025-08-07T23:59:59.999Z";"2025-08-07T22:57:00.000Z";"2025-08-07T04:57:00.000Z";"2787";826214.8531259615;845096.6965230218;820494.0483774658;843803.9686549646;460057378995.4322;16798356291602.078;19903384;"2025-08-07T23:59:59.999Z"
"2025-08-06T00:00:00.000Z";"2025-08-06T23:59:59.999Z";"2025-08-06T18:16:00.000Z";"2025-08-06T04:39:00.000Z";"2787";819999.7372480286;831298.560990725;814999.0866115335;826200.087038637;405033333046.1747;16447466907513.26;19902853;"2025-08-06T23:59:59.999Z"
"2025-08-05T00:00:00.000Z";"2025-08-05T23:59:59.999Z";"2025-08-05T00:39:00.000Z";"2025-08-05T14:47:00.000Z";"2787";826068.6912846786;826398.4701418715;809768.7483384626;820003.5315206514;438181977879.3872;16307728484100.998;19902440;"2025-08-05T23:59:59.999Z"
"2025-08-04T00:00:00.000Z";"2025-08-04T23:59:59.999Z";"2025-08-04T17:18:00.000Z";"2025-08-04T00:15:00.000Z";"2787";823760.0899468736;830787.1604682283;823085.6415464855;826066.5359986197;258060048442.31012;16516238546768.396;19902018;"2025-08-04T23:59:59.999Z"
"2025-08-03T00:00:00.000Z";"2025-08-03T23:59:59.999Z";"2025-08-03T19:38:00.000Z";"2025-08-03T00:39:00.000Z";"2787";811513.5884490204;827535.467863889;807316.3286995119;823715.0139185655;346884809411.9188;16394048249916.287;19901484;"2025-08-03T23:59:59.999Z"
"2025-08-02T00:00:00.000Z";"2025-08-02T23:59:59.999Z";"2025-08-02T05:04:00.000Z";"2025-08-02T19:15:00.000Z";"2787";817277.8450324435;822301.0119631373;807763.2055946367;811521.6030188414;410158286800.93066;16150592239598.77;19900990;"2025-08-02T23:59:59.999Z"
"2025-08-01T00:00:00.000Z";"2025-08-01T23:59:59.999Z";"2025-08-01T03:25:00.000Z";"2025-08-01T22:52:00.000Z";"2787";833372.5600580573;836658.8976782687;812946.1379274034;817241.7960150329;657361699843.7452;16237991713420.604;19900528;"2025-08-01T23:59:59.999Z"
"2025-07-31T00:00:00.000Z";"2025-07-31T23:59:59.999Z";"2025-07-31T07:22:00.000Z";"2025-07-31T23:42:00.000Z";"2787";845680.1765929034;855320.098007808;831689.577697826;833511.1594790993;497864036335.57227;16529927454538.178;19900065;"2025-07-31T23:59:59.999Z"
"2025-07-30T00:00:00.000Z";"2025-07-30T23:59:59.999Z";"2025-07-30T15:01:00.000Z";"2025-07-30T19:07:00.000Z";"2787";846314.3593552843;854317.5510131255;831090.9538605845;845662.6774482916;494460768826.8316;16828683711245.377;19899584;"2025-07-30T23:59:59.999Z"
"2025-07-29T00:00:00.000Z";"2025-07-29T23:59:59.999Z";"2025-07-29T07:49:00.000Z";"2025-07-29T16:39:00.000Z";"2787";846551.3646724386;856135.9121386663;839641.7587287556;846315.4628106517;491421338843.89777;16843293088600.746;19899162;"2025-07-29T23:59:59.999Z"
"2025-07-28T00:00:00.000Z";"2025-07-28T23:59:59.999Z";"2025-07-28T02:39:00.000Z";"2025-07-28T18:36:00.000Z";"2787";856307.3546009595;858844.290047255;842977.0218405887;846453.372754817;464670303690.96655;16822847802319.99;19898825;"2025-07-28T23:59:59.999Z"
"2025-07-27T00:00:00.000Z";"2025-07-27T23:59:59.999Z";"2025-07-27T22:46:00.000Z";"2025-07-27T00:13:00.000Z";"2787";845463.2056394668;857503.4556930211;844853.594607583;856242.6132292597;391986950931.06134;17039097455272.543;19898343;"2025-07-27T23:59:59.999Z"
"2025-07-26T00:00:00.000Z";"2025-07-26T23:59:59.999Z";"2025-07-26T19:56:00.000Z";"2025-07-26T02:00:00.000Z";"2787";843313.5356933936;848265.6944606232;839990.195249478;845482.1054340088;347726735286.4448;16822968528852.936;19897931;"2025-07-26T23:59:59.999Z"
"2025-07-25T00:00:00.000Z";"2025-07-25T23:59:59.999Z";"2025-07-25T00:05:00.000Z";"2025-07-25T07:57:00.000Z";"2787";846804.6952446143;847655.8471370232;822460.7011031609;843249.2863166641;750147153764.2631;16746320057213.76;19897456;"2025-07-25T23:59:59.999Z"
"2025-07-24T00:00:00.000Z";"2025-07-24T23:59:59.999Z";"2025-07-24T15:11:00.000Z";"2025-07-24T07:06:00.000Z";"2787";850400.2274297528;855204.4572718798;838569.2217000208;846804.6952446143;520011600886.46356;16862958264441.768;19896946;"2025-07-24T23:59:59.999Z"
"2025-07-23T00:00:00.000Z";"2025-07-23T23:59:59.999Z";"2025-07-23T00:26:00.000Z";"2025-07-23T13:52:00.000Z";"2787";860957.6518225796;861789.26736583;840545.8367018227;850285.4935114362;477903415831.11847;16954958993552.955;19896496;"2025-07-23T23:59:59.999Z"
"2025-07-22T00:00:00.000Z";"2025-07-22T23:59:59.999Z";"2025-07-22T23:20:00.000Z";"2025-07-22T01:19:00.000Z";"2787";842652.5507487654;862912.955449467;834089.6308786329;860943.107501267;568465376458.2656;17132526625298.203;19896056;"2025-07-22T23:59:59.999Z"
"2025-07-21T00:00:00.000Z";"2025-07-21T23:59:59.999Z";"2025-07-21T07:31:00.000Z";"2025-07-21T00:24:00.000Z";"2787";842025.8199977382;858679.3740244419;836842.8257704937;842746.1089038411;501168618539.5196;16769747258401.775;19895596;"2025-07-21T23:59:59.999Z"
"2025-07-20T00:00:00.000Z";"2025-07-20T23:59:59.999Z";"2025-07-20T16:06:00.000Z";"2025-07-20T22:19:00.000Z";"2787";846596.9189373371;853207.2712671518;836591.0495911366;841985.0400438035;412843004454.4711;16752067832161.793;19895096;"2025-07-20T23:59:59.999Z"
"2025-07-19T00:00:00.000Z";"2025-07-19T23:59:59.999Z";"2025-07-19T11:10:00.000Z";"2025-07-19T21:27:00.000Z";"2787";846984.6583137139;850884.2544721074;842551.7747443878;846567.2703899432;341416053297.22656;16842754472918.252;19894656;"2025-07-19T23:59:59.999Z"
"2025-07-18T00:00:00.000Z";"2025-07-18T23:59:59.999Z";"2025-07-18T06:03:00.000Z";"2025-07-18T20:39:00.000Z";"2787";856901.2738725547;867885.9626788744;839288.8470398537;847021.245267639;559939241913.6282;16863582732900.568;19894203;"2025-07-18T23:59:59.999Z"
"2025-07-17T00:00:00.000Z";"2025-07-17T23:59:59.999Z";"2025-07-17T21:26:00.000Z";"2025-07-17T12:31:00.000Z";"2787";852423.7348536031;869224.877943426;843610.7802040923;856942.4393531838;519500020270.87177;17035839423207.447;19893765;"2025-07-17T23:59:59.999Z"
"2025-07-16T00:00:00.000Z";"2025-07-16T23:59:59.999Z";"2025-07-16T21:04:00.000Z";"2025-07-16T02:38:00.000Z";"2787";844815.7766595262;861950.358511722;840782.9614349697;852444.715947605;517618234522.4102;16943379993547.871;19893337;"2025-07-16T23:59:59.999Z"
"2025-07-15T00:00:00.000Z";"2025-07-15T23:59:59.999Z";"2025-07-15T00:29:00.000Z";"2025-07-15T14:58:00.000Z";"2787";859112.3858747242;859698.0970080991;830387.2708898745;844815.7766595262;704769667342.5336;16794131245018.021;19892912;"2025-07-15T23:59:59.999Z"
"2025-07-14T00:00:00.000Z";"2025-07-14T23:59:59.999Z";"2025-07-14T07:40:00.000Z";"2025-07-14T01:32:00.000Z";"2787";853715.6873811835;882369.9172053265;852770.8980774848;859082.6906032073;1302596176476.4897;17087695473172.713;19892418;"2025-07-14T23:59:59.999Z"
"2025-07-13T00:00:00.000Z";"2025-07-13T23:59:59.999Z";"2025-07-13T19:33:00.000Z";"2025-07-13T00:19:00.000Z";"2787";841818.6033736093;856280.2286868412;840623.1546038905;853895.8002635147;351410147674.1409;16985483613437.102;19891946;"2025-07-13T23:59:59.999Z"
"2025-07-12T00:00:00.000Z";"2025-07-12T23:59:59.999Z";"2025-07-12T09:55:00.000Z";"2025-07-12T15:55:00.000Z";"2787";842524.791928648;847518.4113896677;838555.6432275563;841840.3183975064;326345086767.307;16745055794471.252;19891525;"2025-07-12T23:59:59.999Z"
"2025-07-11T00:00:00.000Z";"2025-07-11T23:59:59.999Z";"2025-07-11T09:38:00.000Z";"2025-07-11T00:28:00.000Z";"2787";832236.030539505;852343.5444792158;826922.3732568935;842477.3145428518;623737069292.6914;16774490565041.06;19891059;"2025-07-11T23:59:59.999Z"
"2025-07-10T00:00:00.000Z";"2025-07-10T23:59:59.999Z";"2025-07-10T21:58:00.000Z";"2025-07-10T13:45:00.000Z";"2787";799371.4594421958;836729.4210780751;793979.8112509357;832243.0006242126;688669307027.6798;16565067166343.201;19890568;"2025-07-10T23:59:59.999Z"
"2025-07-09T00:00:00.000Z";"2025-07-09T23:59:59.999Z";"2025-07-09T19:56:00.000Z";"2025-07-09T04:27:00.000Z";"2787";781614.7242606072;803652.1878224581;778094.8431318998;799352.4697496308;415574193567.9863;15885809368576.023;19890050;"2025-07-09T23:59:59.999Z"
"2025-07-08T00:00:00.000Z";"2025-07-08T23:59:59.999Z";"2025-07-08T13:47:00.000Z";"2025-07-08T02:19:00.000Z";"2787";777028.963069739;783393.4223761086;771083.5685863036;781614.7242606072;317720386390.46356;15547794557761.057;19889534;"2025-07-08T23:59:59.999Z"
"2025-07-07T00:00:00.000Z";"2025-07-07T23:59:59.999Z";"2025-07-07T03:28:00.000Z";"2025-07-07T18:34:00.000Z";"2787";782649.4451094109;786754.1435628679;771495.882772572;777040.6015683954;325394452467.64813;15432662089868.648;19889109;"2025-07-07T23:59:59.999Z"
"2025-07-06T00:00:00.000Z";"2025-07-06T23:59:59.999Z";"2025-07-06T21:32:00.000Z";"2025-07-06T10:03:00.000Z";"2787";775508.901518494;786260.0193808555;772756.2320480325;782680.5492690454;263296260425.33298;15566908962713.32;19888631;"2025-07-06T23:59:59.999Z"
"2025-07-05T00:00:00.000Z";"2025-07-05T23:59:59.999Z";"2025-07-05T04:31:00.000Z";"2025-07-05T02:34:00.000Z";"2787";773965.8928083905;776584.8166586906;772722.2534663893;775508.8883143605;219369510988.98138;15423412543450.238;19888118;"2025-07-05T23:59:59.999Z"
"2025-07-04T00:00:00.000Z";"2025-07-04T23:59:59.999Z";"2025-07-04T01:36:00.000Z";"2025-07-04T19:32:00.000Z";"2787";785583.323751827;786757.1220777334;768810.7518286034;774098.449594277;305363858206.58716;15392577606230.97;19887650;"2025-07-04T23:59:59.999Z"
"2025-07-03T00:00:00.000Z";"2025-07-03T23:59:59.999Z";"2025-07-03T13:58:00.000Z";"2025-07-03T02:44:00.000Z";"2787";779918.055111653;792073.7887142109;777986.756508027;785671.627106578;361815026259.8832;15623007897867.924;19887143;"2025-07-03T23:59:59.999Z"
"2025-07-02T00:00:00.000Z";"2025-07-02T23:59:59.999Z";"2025-07-02T17:25:00.000Z";"2025-07-02T01:18:00.000Z";"2787";757389.1362373461;786484.0183698392;753484.286663969;780020.5992454612;403035694849.76117;15509644404811.111;19886665;"2025-07-02T23:59:59.999Z"
"2025-07-01T00:00:00.000Z";"2025-07-01T23:59:59.999Z";"2025-07-01T01:25:00.000Z";"2025-07-01T20:02:00.000Z";"2787";767593.0716980513;770503.817234994;754287.4911768591;757354.587471316;316013410325.94507;15059179046716.332;19886206;"2025-07-01T23:59:59.999Z"
"2025-06-30T00:00:00.000Z";"2025-06-30T23:59:59.999Z";"2025-06-30T01:46:00.000Z";"2025-06-30T15:19:00.000Z";"2787";777380.2318604056;779380.1458814751;764815.4589768733;767526.5690137305;301709810920.05774;15282082873146.227;19885778;"2025-06-30T23:59:59.999Z"
"2025-06-29T00:00:00.000Z";"2025-06-29T23:59:59.999Z";"2025-06-29T12:01:00.000Z";"2025-06-29T02:06:00.000Z";"2787";769608.985559726;778202.8851428753;769107.9677415251;777395.5014593987;254807728789.80872;15454442867766.396;19885321;"2025-06-29T23:59:59.999Z"
"2025-06-28T00:00:00.000Z";"2025-06-28T23:59:59.999Z";"2025-06-28T17:52:00.000Z";"2025-06-28T01:39:00.000Z";"2787";768106.9616744319;771530.6306119979;766625.298357786;769807.9510643982;215445463030.20834;15307494152568.076;19884800;"2025-06-28T23:59:59.999Z"
"2025-06-27T00:00:00.000Z";"2025-06-27T23:59:59.999Z";"2025-06-27T07:21:00.000Z";"2025-06-27T14:36:00.000Z";"2787";766636.8472006216;772556.1847878245;763384.842998922;768091.765816302;325088466036.9751;15263393550934.969;19884334;"2025-06-27T23:59:59.999Z"
"2025-06-26T00:00:00.000Z";"2025-06-26T23:59:59.999Z";"2025-06-26T03:07:00.000Z";"2025-06-26T15:34:00.000Z";"2787";770604.038209921;775305.229840832;764595.061797328;766673.2594316475;315001843629.77423;15262720041642.049;19883981;"2025-06-26T23:59:59.999Z"
"2025-06-25T00:00:00.000Z";"2025-06-25T23:59:59.999Z";"2025-06-25T14:08:00.000Z";"2025-06-25T00:39:00.000Z";"2787";760534.8589206787;776346.2424562719;759349.5600994822;770504.9284755206;370230122230.00726;15311416933439.29;19883500;"2025-06-25T23:59:59.999Z"
"2025-06-24T00:00:00.000Z";"2025-06-24T23:59:59.999Z";"2025-06-24T17:03:00.000Z";"2025-06-24T08:19:00.000Z";"2787";757950.7117924594;762467.0836700827;751814.9837386254;760522.1574174982;350524631010.4994;15138294813571.064;19883037;"2025-06-24T23:59:59.999Z"
"2025-06-23T00:00:00.000Z";"2025-06-23T23:59:59.999Z";"2025-06-23T22:31:00.000Z";"2025-06-23T16:38:00.000Z";"2787";725079.9581791026;761866.0132300438;716036.8220956962;757995.614300489;468400590557.0574;15070936382174.379;19882687;"2025-06-23T23:59:59.999Z"
"2025-06-22T00:00:00.000Z";"2025-06-22T23:59:59.999Z";"2025-06-22T00:38:00.000Z";"2025-06-22T20:19:00.000Z";"2787";733872.1892728511;742054.3711872943;705685.1299598601;725077.5630328594;470549086202.38214;14416293506502.322;19882350;"2025-06-22T23:59:59.999Z"
"2025-06-21T00:00:00.000Z";"2025-06-21T23:59:59.999Z";"2025-06-21T10:37:00.000Z";"2025-06-21T23:47:00.000Z";"2787";741579.7135016691;746822.8996236704;724976.5035702895;734197.9686510279;275346147903.333;14586667146706.502;19881993;"2025-06-21T23:59:59.999Z"
"2025-06-20T00:00:00.000Z";"2025-06-20T23:59:59.999Z";"2025-06-20T08:38:00.000Z";"2025-06-20T17:38:00.000Z";"2787";752499.6060307741;765357.6261218166;735022.2377715596;741752.6266536567;366267463410.0859;14765654239466.062;19881571;"2025-06-20T23:59:59.999Z"
"2025-06-19T00:00:00.000Z";"2025-06-19T23:59:59.999Z";"2025-06-19T05:08:00.000Z";"2025-06-19T17:06:00.000Z";"2787";754072.9751637332;756638.1394068747;747167.8683266593;752522.9895692015;268407671467.33157;14962387705978.906;19881093;"2025-06-19T23:59:59.999Z"
"2025-06-18T00:00:00.000Z";"2025-06-18T23:59:59.999Z";"2025-06-18T05:30:00.000Z";"2025-06-18T19:01:00.000Z";"2787";751565.8631400956;758679.5219153684;744838.1012438482;754048.1906029179;339980470421.175;14981836031741.752;19880053;"2025-06-18T23:59:59.999Z"
"2025-06-17T00:00:00.000Z";"2025-06-17T23:59:59.999Z";"2025-06-17T03:13:00.000Z";"2025-06-17T17:08:00.000Z";"2787";766760.4292745101;773754.144004413;742924.7333320412;751509.8294669879;401810989001.80255;14928813971913.543;19878000;"2025-06-17T23:59:59.999Z"
"2025-06-16T00:00:00.000Z";"2025-06-16T23:59:59.999Z";"2025-06-16T19:28:00.000Z";"2025-06-16T01:33:00.000Z";"2787";758058.0460129225;781985.1679841164;754050.9167660286;766779.3573351523;361712968065.1199;15245484949482.03;19878000;"2025-06-16T23:59:59.999Z"
"2025-06-15T00:00:00.000Z";"2025-06-15T23:59:59.999Z";"2025-06-15T06:01:00.000Z";"2025-06-15T21:14:00.000Z";"2787";757406.2954737643;762377.8175410999;750619.971624796;758032.4367776997;263882920479.44156;15068677838644.893;19878000;"2025-06-15T23:59:59.999Z"
"2025-06-14T00:00:00.000Z";"2025-06-14T23:59:59.999Z";"2025-06-14T00:54:00.000Z";"2025-06-14T20:11:00.000Z";"2787";762025.8249331849;762712.8942318744;749610.8493502381;757460.6499815567;272957322442.6764;15055722341427.547;19878000;"2025-06-14T23:59:59.999Z"
"2025-06-13T00:00:00.000Z";"2025-06-13T23:59:59.999Z";"2025-06-13T23:46:00.000Z";"2025-06-13T01:12:00.000Z";"2787";759828.8654695957;762560.5721931665;737573.237700895;761902.8842598842;498906177318.3801;15130042850919.705;19878000;"2025-06-13T23:59:59.999Z"
"2025-06-12T00:00:00.000Z";"2025-06-12T23:59:59.999Z";"2025-06-12T00:24:00.000Z";"2025-06-12T22:56:00.000Z";"2787";781810.3594932538;782492.1909067852;758832.4810127019;759860.8634229264;394508395450.62225;15145989568028.402;19878000;"2025-06-12T23:59:59.999Z"
"2025-06-11T00:00:00.000Z";"2025-06-11T23:59:59.999Z";"2025-06-11T14:36:00.000Z";"2025-06-11T22:27:00.000Z";"2787";791756.8803809287;794059.931913522;777497.3826202916;781815.5189059379;365085903397.5026;15513308761451.959;19877621;"2025-06-11T23:59:59.999Z"
"2025-06-10T00:00:00.000Z";"2025-06-10T23:59:59.999Z";"2025-06-10T19:36:00.000Z";"2025-06-10T15:34:00.000Z";"2787";792000.2443333777;793379.1989206464;778914.6138394407;791724.1468411589;392785018905.01733;15737897194597.75;19877184;"2025-06-10T23:59:59.999Z"
"2025-06-09T00:00:00.000Z";"2025-06-09T23:59:59.999Z";"2025-06-09T21:31:00.000Z";"2025-06-09T05:39:00.000Z";"2787";760598.9257353824;793908.3872879863;757479.8393787507;791988.8374473643;401916011339.52765;15761615868356.525;19876665;"2025-06-09T23:59:59.999Z"
"2025-06-08T00:00:00.000Z";"2025-06-08T23:59:59.999Z";"2025-06-08T21:57:00.000Z";"2025-06-08T10:16:00.000Z";"2787";759337.084150956;765660.6117579401;755439.0887701759;760603.4483108215;263324297320.93805;15117839946268.35;19876231;"2025-06-08T23:59:59.999Z"
"2025-06-07T00:00:00.000Z";"2025-06-07T23:59:59.999Z";"2025-06-07T20:20:00.000Z";"2025-06-07T00:19:00.000Z";"2787";750504.6621547294;761891.1155134802;747616.7781371161;759323.5453519019;275821044774.2014;15092152141947.914;19875746;"2025-06-07T23:59:59.999Z"
"2025-06-06T00:00:00.000Z";"2025-06-06T23:59:59.999Z";"2025-06-06T15:17:00.000Z";"2025-06-06T00:23:00.000Z";"2787";728897.6581212902;757616.8501165065;725992.8518082702;750514.3993141808;350595346930.9522;14888733912348.023;19875303;"2025-06-06T23:59:59.999Z"
"2025-06-05T00:00:00.000Z";"2025-06-05T23:59:59.999Z";"2025-06-05T13:11:00.000Z";"2025-06-05T20:57:00.000Z";"2787";752655.3048494974;760368.0400082131;720735.0933080956;728909.033749171;413000254861.9441;14505310921848.111;19874859;"2025-06-05T23:59:59.999Z"
"2025-06-04T00:00:00.000Z";"2025-06-04T23:59:59.999Z";"2025-06-04T10:16:00.000Z";"2025-06-04T14:07:00.000Z";"2787";757872.7828836789;761975.0111719971;748932.7956789928;752520.2460848648;320192887358.7397;14964644617637.639;19874446;"2025-06-04T23:59:59.999Z"
"2025-06-03T00:00:00.000Z";"2025-06-03T23:59:59.999Z";"2025-06-03T15:32:00.000Z";"2025-06-03T08:44:00.000Z";"2787";762375.8317552583;767786.6874346214;754171.0276661466;757859.138085753;332605620940.87195;15086531517103.586;19874068;"2025-06-03T23:59:59.999Z"
"2025-06-02T00:00:00.000Z";"2025-06-02T23:59:59.999Z";"2025-06-02T23:26:00.000Z";"2025-06-02T14:01:00.000Z";"2787";760657.4993904746;762878.6645464522;746817.593424014;762325.8677878449;329892721348.0393;15151171389367.102;19873625;"2025-06-02T23:59:59.999Z"
"2025-06-01T00:00:00.000Z";"2025-06-01T23:59:59.999Z";"2025-06-01T23:22:00.000Z";"2025-06-01T09:56:00.000Z";"2787";753367.6086863172;762347.5419697735;747533.3146550495;760673.9792304699;269251330075.09048;15116681882421.828;19873178;"2025-06-01T23:59:59.999Z"
"2025-05-31T00:00:00.000Z";"2025-05-31T23:59:59.999Z";"2025-05-31T21:38:00.000Z";"2025-05-31T03:09:00.000Z";"2787";748768.5456502419;755454.1676478686;742559.3896236719;753297.8434987437;280786949414.2144;14972055025051.158;19872778;"2025-05-31T23:59:59.999Z"
"2025-05-30T00:00:00.000Z";"2025-05-30T23:59:59.999Z";"2025-05-30T05:41:00.000Z";"2025-05-30T23:36:00.000Z";"2787";759163.084094705;764106.1983984781;746516.9384118951;748768.9204180941;414305128171.277;14850458911013.486;19872268;"2025-05-30T23:59:59.999Z"
"2025-05-29T00:00:00.000Z";"2025-05-29T23:59:59.999Z";"2025-05-29T11:23:00.000Z";"2025-05-29T23:50:00.000Z";"2787";775575.2182431985;782856.3247336491;757209.9002508457;759131.1282025054;403076470647.8171;15104760507875.922;19871787;"2025-05-29T23:59:59.999Z"
"2025-05-28T00:00:00.000Z";"2025-05-28T23:59:59.999Z";"2025-05-28T01:01:00.000Z";"2025-05-28T20:03:00.000Z";"2787";784264.0765231655;786466.7656049285;768497.6683887881;775616.1645720991;353702434285.9079;15413207623284.322;19871246;"2025-05-28T23:59:59.999Z"
"2025-05-27T00:00:00.000Z";"2025-05-27T23:59:59.999Z";"2025-05-27T13:21:00.000Z";"2025-05-27T01:25:00.000Z";"2787";786537.278877564;796826.7242793011;773379.1232843995;784281.8470604597;412888671848.50757;15565099952266.768;19870784;"2025-05-27T23:59:59.999Z"
"2025-05-26T00:00:00.000Z";"2025-05-26T23:59:59.999Z";"2025-05-26T15:42:00.000Z";"2025-05-26T00:29:00.000Z";"2787";783163.1459916013;793267.609455908;780787.1503837068;786536.9833537298;330081277636.7399;15621186632128.191;19870340;"2025-05-26T23:59:59.999Z"
"2025-05-25T00:00:00.000Z";"2025-05-25T23:59:59.999Z";"2025-05-25T23:02:00.000Z";"2025-05-25T16:30:00.000Z";"2787";774084.995253417;784935.0929513751;766050.6243176301;782939.5001272308;341208051242.3374;15555256046274.396;19869878;"2025-05-25T23:59:59.999Z"
"2025-05-24T00:00:00.000Z";"2025-05-24T23:59:59.999Z";"2025-05-24T11:13:00.000Z";"2025-05-24T00:06:00.000Z";"2787";770324.0472056145;785949.1347797594;767572.3271392606;774005.1858406024;329615585203.55176;15380596663838.314;19869390;"2025-05-24T23:59:59.999Z"
"2025-05-23T00:00:00.000Z";"2025-05-23T23:59:59.999Z";"2025-05-23T00:14:00.000Z";"2025-05-23T23:50:00.000Z";"2787";804571.5863059466;805432.8431694427;767184.647721201;770390.7530330102;486637017446.68915;15356043703861.219;19868946;"2025-05-23T23:59:59.999Z"
"2025-05-22T00:00:00.000Z";"2025-05-22T23:59:59.999Z";"2025-05-22T17:35:00.000Z";"2025-05-22T00:44:00.000Z";"2787";789923.325094245;806666.6821154244;787125.7338797128;804527.8400562211;505309938562.81445;15981616430934.799;19868475;"2025-05-22T23:59:59.999Z"
"2025-05-21T00:00:00.000Z";"2025-05-21T23:59:59.999Z";"2025-05-21T23:28:00.000Z";"2025-05-21T09:51:00.000Z";"2787";771022.5965678671;797492.9532669629;764625.4998339666;789956.3446194588;563775739813.2694;15732093679766.068;19867978;"2025-05-21T23:59:59.999Z"
"2025-05-20T00:00:00.000Z";"2025-05-20T23:59:59.999Z";"2025-05-20T20:50:00.000Z";"2025-05-20T13:49:00.000Z";"2787";761837.4215689419;774746.6319002403;752318.9406603843;771020.9882486071;263424448244.74985;15305808984610.16;19867546;"2025-05-20T23:59:59.999Z"
"2025-05-19T00:00:00.000Z";"2025-05-19T23:59:59.999Z";"2025-05-19T00:09:00.000Z";"2025-05-19T06:40:00.000Z";"2787";767310.9255205194;771911.9539141124;736753.2368629767;761842.9931068182;445266842563.2114;15126044442663.23;19867081;"2025-05-19T23:59:59.999Z"
"2025-05-18T00:00:00.000Z";"2025-05-18T23:59:59.999Z";"2025-05-18T23:59:00.000Z";"2025-05-18T00:02:00.000Z";"2787";743895.4005697741;768784.9133842489;743575.6649293143;767694.756215356;359645951975.1944;15242219773613.912;19865290;"2025-05-18T23:59:59.999Z"
"2025-05-17T00:00:00.000Z";"2025-05-17T23:59:59.999Z";"2025-05-17T05:04:00.000Z";"2025-05-17T01:48:00.000Z";"2787";746054.0082137357;747716.2286454793;740090.5394145044;743925.1734258122;273210563636.5395;14777282318663.531;19865290;"2025-05-17T23:59:59.999Z"
"2025-05-16T00:00:00.000Z";"2025-05-16T23:59:59.999Z";"2025-05-16T16:06:00.000Z";"2025-05-16T08:26:00.000Z";"2787";747622.8660417125;753550.5452215815;742981.7693291627;746075.0018070365;319893500917.71466;14816473131221.324;19865290;"2025-05-16T23:59:59.999Z"
"2025-05-15T00:00:00.000Z";"2025-05-15T23:59:59.999Z";"2025-05-15T17:46:00.000Z";"2025-05-15T14:47:00.000Z";"2787";745821.2230508727;750635.1384560115;731205.6644021007;747687.6462848186;363105688447.5765;14844087432208.336;19865246;"2025-05-15T23:59:59.999Z"
"2025-05-14T00:00:00.000Z";"2025-05-14T23:59:59.999Z";"2025-05-14T13:36:00.000Z";"2025-05-14T17:26:00.000Z";"2787";750348.4964976897;751329.8709765264;739190.3813392264;745825.4831181327;331035367350.5879;14815602856442.992;19864818;"2025-05-14T23:59:59.999Z"
"2025-05-13T00:00:00.000Z";"2025-05-13T23:59:59.999Z";"2025-05-13T19:49:00.000Z";"2025-05-13T03:31:00.000Z";"2787";740589.2269682015;756327.9197064015;731243.668406972;750366.4131318158;378957519446.95374;14905194160585.875;19864362;"2025-05-13T23:59:59.999Z"
"2025-05-12T00:00:00.000Z";"2025-05-12T23:59:59.999Z";"2025-05-12T07:06:00.000Z";"2025-05-12T18:51:00.000Z";"2787";752209.242992283;764062.3528022167;728419.3436331676;740592.5461568659;457006822460.781;14756061485327.154;19863953;"2025-05-12T23:59:59.999Z"
"2025-05-11T00:00:00.000Z";"2025-05-11T23:59:59.999Z";"2025-05-11T00:08:00.000Z";"2025-05-11T08:00:00.000Z";"2787";756501.8948847983;758213.7005931272;746846.4223803242;752204.8559016698;334429063192.7539;14941496262829.375;19863484;"2025-05-11T23:59:59.999Z"
"2025-05-10T00:00:00.000Z";"2025-05-10T23:59:59.999Z";"2025-05-10T23:26:00.000Z";"2025-05-10T00:57:00.000Z";"2787";744021.1260950662;758385.4843429863;742986.2203949894;756467.6083932436;305464055458.05444;15026429667678.252;19863043;"2025-05-10T23:59:59.999Z"
"2025-05-09T00:00:00.000Z";"2025-05-09T23:59:59.999Z";"2025-05-09T07:50:00.000Z";"2025-05-09T03:58:00.000Z";"2787";745938.8130029863;753585.8759338608;739464.6477181999;744000.4291980189;420505210855.2875;14778235322127.658;19862550;"2025-05-09T23:59:59.999Z"
"2025-05-08T00:00:00.000Z";"2025-05-08T23:59:59.999Z";"2025-05-08T21:22:00.000Z";"2025-05-08T00:43:00.000Z";"2787";701106.3957582687;751216.2904805446;700236.6479266565;745955.6890065795;505018760157.96747;14815938897482.727;19862137;"2025-05-08T23:59:59.999Z"
"2025-05-07T00:00:00.000Z";"2025-05-07T23:59:59.999Z";"2025-05-07T01:09:00.000Z";"2025-05-07T19:36:00.000Z";"2787";706157.4188523266;712180.2499896284;692400.4644498721;701092.4658451637;561596984858.6797;14059347948679.314;19861628;"2025-05-07T23:59:59.999Z"
"2025-05-06T00:00:00.000Z";"2025-05-06T23:59:59.999Z";"2025-05-06T23:52:00.000Z";"2025-05-06T13:55:00.000Z";"2787";691189.4779719403;706806.5406286666;681351.9707315644;698612.3531328536;193691557155.99347;14025109011800.209;19861165;"2025-05-06T23:59:59.999Z"
"2025-05-05T00:00:00.000Z";"2025-05-05T23:59:59.999Z";"2025-05-05T22:43:00.000Z";"2025-05-05T02:10:00.000Z";"2787";688061.2111201115;694434.29333371;682565.89471958;688978.8099482525;188329619088.45413;13727519306567.979;19860718;"2025-05-05T23:59:59.999Z"
"2025-05-04T00:00:00.000Z";"2025-05-04T23:59:59.999Z";"2025-05-04T02:07:00.000Z";"2025-05-04T23:46:00.000Z";"2787";699424.0585949142;702646.520091003;686995.1881910336;688035.0368156052;132759431995.15642;13665024320291.896;19860187;"2025-05-04T23:59:59.999Z"
"2025-05-03T00:00:00.000Z";"2025-05-03T23:59:59.999Z";"2025-05-03T00:06:00.000Z";"2025-05-03T23:39:00.000Z";"2787";706919.310394183;707205.6178424328;699016.3172494943;699530.6666603235;115079754915.03503;13890386947680.404;19859750;"2025-05-03T23:59:59.999Z"
"2025-05-02T00:00:00.000Z";"2025-05-02T23:59:59.999Z";"2025-05-02T15:02:00.000Z";"2025-05-02T08:01:00.000Z";"2787";701678.0663243701;714223.5464348657;701678.0663243701;706958.9502745232;192131104567.27768;13993952730597.484;19859240;"2025-05-02T23:59:59.999Z"
"2025-05-01T00:00:00.000Z";"2025-05-01T23:59:59.999Z";"2025-05-01T15:16:00.000Z";"2025-05-01T00:01:00.000Z";"2787";687282.8346889765;710809.946495776;686850.759165786;701627.9475094205;239829614802.9925;13979182963583.854;19858746;"2025-05-01T23:59:59.999Z"
"2025-04-30T00:00:00.000Z";"2025-04-30T23:59:59.999Z";"2025-04-30T11:56:00.000Z";"2025-04-30T14:01:00.000Z";"2787";687819.788855327;692029.4972494956;678286.4710829121;687242.3359154239;206774439367.7266;13648287960023.533;19858328;"2025-04-30T23:59:59.999Z"
"2025-04-29T00:00:00.000Z";"2025-04-29T23:59:59.999Z";"2025-04-29T16:46:00.000Z";"2025-04-29T23:15:00.000Z";"2787";692892.6787931883;696566.0865224412;684246.4466595034;687807.5549270968;188255717771.65057;13658666902407.059;19857915;"2025-04-29T23:59:59.999Z"
"2025-04-28T00:00:00.000Z";"2025-04-28T23:59:59.999Z";"2025-04-28T12:48:00.000Z";"2025-04-28T01:56:00.000Z";"2787";683260.5260846588;696643.2839503518;676741.7120726143;692869.9995140288;235855111425.17072;13745317365485.736;19857456;"2025-04-28T23:59:59.999Z"
"2025-04-27T00:00:00.000Z";"2025-04-27T23:59:59.999Z";"2025-04-27T01:18:00.000Z";"2025-04-27T13:08:00.000Z";"2787";689860.3080359708;694526.6017135766;682605.3163181031;683257.1965734357;131837173152.90305;13567484451907.84;19856971;"2025-04-27T23:59:59.999Z"
"2025-04-26T00:00:00.000Z";"2025-04-26T23:59:59.999Z";"2025-04-26T01:37:00.000Z";"2025-04-26T13:47:00.000Z";"2787";690251.9283612034;694163.3321772302;684513.6244042774;689758.4179995145;128356985651.51251;13698267085201.275;19856581;"2025-04-26T23:59:59.999Z"
"2025-04-25T00:00:00.000Z";"2025-04-25T23:59:59.999Z";"2025-04-25T14:57:00.000Z";"2025-04-25T03:03:00.000Z";"2787";684644.6184358553;697864.2759066926;676952.047855355;690294.5734027697;298149298235.8058;13705293300285.973;19856175;"2025-04-25T23:59:59.999Z"
"2025-04-24T00:00:00.000Z";"2025-04-24T23:59:59.999Z";"2025-04-24T23:35:00.000Z";"2025-04-24T08:50:00.000Z";"2787";682736.4893018142;685096.008800319;668193.9557489842;684568.4226232878;229417898523.31488;13594110473880.014;19855718;"2025-04-24T23:59:59.999Z"
"2025-04-23T00:00:00.000Z";"2025-04-23T23:59:59.999Z";"2025-04-23T13:39:00.000Z";"2025-04-23T15:30:00.000Z";"2787";683170.5357078532;691273.6336293074;672460.7391161129;682785.4377137645;305066003088.6963;13602981245535.781;19855268;"2025-04-23T23:59:59.999Z"
"2025-04-22T00:00:00.000Z";"2025-04-22T23:59:59.999Z";"2025-04-22T23:39:00.000Z";"2025-04-22T00:38:00.000Z";"2787";638244.4933454006;686051.0750140485;635055.222297699;683275.156725333;407638148034.57513;13527385294277.537;19854925;"2025-04-22T23:59:59.999Z"
"2025-04-21T00:00:00.000Z";"2025-04-21T23:59:59.999Z";"2025-04-21T14:32:00.000Z";"2025-04-21T00:05:00.000Z";"2787";621394.5416042424;644870.1849615559;621192.411154047;638222.8630750605;302018324387.3344;12677897086398.56;19854443;"2025-04-21T23:59:59.999Z"
"2025-04-20T00:00:00.000Z";"2025-04-20T23:59:59.999Z";"2025-04-20T02:06:00.000Z";"2025-04-20T11:32:00.000Z";"2787";620625.0252607117;622378.2963738659;612678.2719473206;621414.6698260496;106985981913.6817;12337195813159.55;19854046;"2025-04-20T23:59:59.999Z"
"2025-04-19T00:00:00.000Z";"2025-04-19T23:59:59.999Z";"2025-04-19T15:33:00.000Z";"2025-04-19T00:09:00.000Z";"2787";616136.6597788844;624503.7269408057;615425.9575296802;620605.6489801173;111328804055.45543;12321673894642.453;19853653;"2025-04-19T23:59:59.999Z"
"2025-04-18T00:00:00.000Z";"2025-04-18T23:59:59.999Z";"2025-04-18T01:31:00.000Z";"2025-04-18T16:03:00.000Z";"2787";619414.8161055004;620836.4617234799;615027.7920862552;616136.1982748819;92863659094.95166;12232295424382.072;19853218;"2025-04-18T23:59:59.999Z"
"2025-04-17T00:00:00.000Z";"2025-04-17T23:59:59.999Z";"2025-04-17T18:26:00.000Z";"2025-04-17T14:38:00.000Z";"2787";613953.3056048299;623419.3078016769;611154.3145554705;619382.4233506242;155455166267.75745;12314818140547.232;19852803;"2025-04-17T23:59:59.999Z"
"2025-04-16T00:00:00.000Z";"2025-04-16T23:59:59.999Z";"2025-04-16T17:23:00.000Z";"2025-04-16T01:01:00.000Z";"2787";612037.21128477;624164.659769422;607839.4698500504;613976.630892442;216639428178.84;12202077373799.307;19852321;"2025-04-16T23:59:59.999Z"
"2025-04-15T00:00:00.000Z";"2025-04-15T23:59:59.999Z";"2025-04-15T13:53:00.000Z";"2025-04-15T23:44:00.000Z";"2787";618213.4114287288;632247.9699909447;611483.5573446808;611996.8224562177;205050469159.31067;12147088286565.37;19851862;"2025-04-15T23:59:59.999Z"
"2025-04-14T00:00:00.000Z";"2025-04-14T23:59:59.999Z";"2025-04-14T14:54:00.000Z";"2025-04-14T00:00:00.000Z";"2787";610317.2026134497;627319.952880404;610288.8627442609;618233.1447328062;248596711369.08417;12238005372625.049;19851412;"2025-04-14T23:59:59.999Z"
"2025-04-13T00:00:00.000Z";"2025-04-13T23:59:59.999Z";"2025-04-13T01:32:00.000Z";"2025-04-13T21:09:00.000Z";"2787";621874.9550308391;627239.9382500531;605449.5204844483;610247.6040687602;209993372685.22983;12115364677192.662;19850931;"2025-04-13T23:59:59.999Z"
"2025-04-12T00:00:00.000Z";"2025-04-12T23:59:59.999Z";"2025-04-12T20:45:00.000Z";"2025-04-12T03:01:00.000Z";"2787";608202.4188166949;626080.4931849038;603740.1969936233;623138.3751364521;176894618597.75488;12344472204218.783;19850409;"2025-04-12T23:59:59.999Z"
"2025-04-11T00:00:00.000Z";"2025-04-11T23:59:59.999Z";"2025-04-11T21:24:00.000Z";"2025-04-11T01:00:00.000Z";"2787";582417.4146253183;614349.4273452174;577379.7168015742;608204.772836076;304698508380.46796;12109719748173.24;19849971;"2025-04-11T23:59:59.999Z"
"2025-04-10T00:00:00.000Z";"2025-04-10T23:59:59.999Z";"2025-04-10T00:08:00.000Z";"2025-04-10T16:03:00.000Z";"2787";603995.7926977217;607843.5805786145;573867.3902981092;582425.4115340095;327126088189.4844;11561970667663.326;19849490;"2025-04-10T23:59:59.999Z"
"2025-04-09T00:00:00.000Z";"2025-04-09T23:59:59.999Z";"2025-04-09T21:25:00.000Z";"2025-04-09T01:30:00.000Z";"2787";559703.0231148689;614017.9977732892;547346.4772916831;606910.283393492;617968016566.7489;12026087929018.352;19849046;"2025-04-09T23:59:59.999Z"
"2025-04-08T00:00:00.000Z";"2025-04-08T23:59:59.999Z";"2025-04-08T02:14:00.000Z";"2025-04-08T22:40:00.000Z";"2787";579182.1060836012;590919.610832547;559148.7072970875;559691.1975770721;353237635881.5933;11068614171875.428;19848631;"2025-04-08T23:59:59.999Z"
"2025-04-07T00:00:00.000Z";"2025-04-07T23:59:59.999Z";"2025-04-07T14:19:00.000Z";"2025-04-07T07:05:00.000Z";"2787";569572.5482793357;593077.7037951016;543864.152183143;579305.3675959343;664531910665.2653;11449083816357.752;19848168;"2025-04-07T23:59:59.999Z"
"2025-04-06T00:00:00.000Z";"2025-04-06T23:59:59.999Z";"2025-04-06T01:32:00.000Z";"2025-04-06T23:22:00.000Z";"2787";609399.1920339091;610860.2894617224;561391.0552631206;569522.6527937932;264872583594.28488;11329936836791.908;19847706;"2025-04-06T23:59:59.999Z"
"2025-04-05T00:00:00.000Z";"2025-04-05T23:59:59.999Z";"2025-04-05T01:29:00.000Z";"2025-04-05T15:46:00.000Z";"2787";611881.849199969;613289.9961130318;601176.2407902922;609401.3306956105;104948228735.17215;12094942388852.518;19847253;"2025-04-05T23:59:59.999Z"
"2025-04-04T00:00:00.000Z";"2025-04-04T23:59:59.999Z";"2025-04-04T09:58:00.000Z";"2025-04-04T11:31:00.000Z";"2787";606448.9857747733;618095.53620408;596016.7903762839;611875.3192029344;329551426701.472;12143866090609.545;19846750;"2025-04-04T23:59:59.999Z"
"2025-04-03T00:00:00.000Z";"2025-04-03T23:59:59.999Z";"2025-04-03T01:52:00.000Z";"2025-04-03T15:09:00.000Z";"2787";599485.9836583779;612465.8024979797;593180.4937827616;606467.8196856801;267826409752.10287;11985880154857.111;19846165;"2025-04-03T23:59:59.999Z"
"2025-04-02T00:00:00.000Z";"2025-04-02T23:59:59.999Z";"2025-04-02T20:18:00.000Z";"2025-04-02T23:04:00.000Z";"2787";619271.5748615152;642942.4563922738;598439.904816044;599473.1341592995;345943335320.01715;11901316937395.896;19845709;"2025-04-02T23:59:59.999Z"
"2025-04-01T00:00:00.000Z";"2025-04-01T23:59:59.999Z";"2025-04-01T16:03:00.000Z";"2025-04-01T00:17:00.000Z";"2787";598790.3425026482;621501.7004483903;597901.3772155605;619188.3798273157;204372079591.62247;12261487409387.85;19845168;"2025-04-01T23:59:59.999Z"
"2025-03-31T00:00:00.000Z";"2025-03-31T23:59:59.999Z";"2025-03-31T15:26:00.000Z";"2025-03-31T00:46:00.000Z";"2787";598056.2006638043;608351.9252054207;590486.2889510981;598768.5256546648;210675112292.00266;11899384697249.229;19844740;"2025-03-31T23:59:59.999Z"
"2025-03-30T00:00:00.000Z";"2025-03-30T23:59:59.999Z";"2025-03-30T10:12:00.000Z";"2025-03-30T22:10:00.000Z";"2787";599951.4474207252;606546.9392973752;592515.4373868752;598045.0390613463;107238053986.73642;11867980348359.945;19844256;"2025-03-30T23:59:59.999Z"
"2025-03-29T00:00:00.000Z";"2025-03-29T23:59:59.999Z";"2025-03-29T00:38:00.000Z";"2025-03-29T17:18:00.000Z";"2787";612699.7154547191;614263.2737736983;592957.7487864776;599955.8136037498;123258905767.27489;11905338730530.98;19843837;"2025-03-29T23:59:59.999Z"
"2025-03-28T00:00:00.000Z";"2025-03-28T23:59:59.999Z";"2025-03-28T01:45:00.000Z";"2025-03-28T17:14:00.000Z";"2787";633435.6040230684;635395.1170726386;606929.291804583;612707.5476949848;248466650181.20294;12161069462438.309;19843418;"2025-03-28T23:59:59.999Z"
"2025-03-27T00:00:00.000Z";"2025-03-27T23:59:59.999Z";"2025-03-27T02:50:00.000Z";"2025-03-27T13:41:00.000Z";"2787";631579.3596913425;637410.6199010345;623810.0155887294;633367.7999272;177441996757.9397;12574064914280.365;19842934;"2025-03-27T23:59:59.999Z"
"2025-03-26T00:00:00.000Z";"2025-03-26T23:59:59.999Z";"2025-03-26T07:48:00.000Z";"2025-03-26T19:17:00.000Z";"2787";634733.92160738;641283.5940065075;623130.926381608;630674.4867418724;193801943715.82162;12513471483644.01;19842468;"2025-03-26T23:59:59.999Z"
"2025-03-25T00:00:00.000Z";"2025-03-25T23:59:59.999Z";"2025-03-25T20:12:00.000Z";"2025-03-25T04:04:00.000Z";"2787";634774.2358133044;642587.5750986614;626976.1480844714;634817.1377001334;217647360792.22958;12587610413607.334;19841981;"2025-03-25T23:59:59.999Z"
"2025-03-24T00:00:00.000Z";"2025-03-24T23:59:59.999Z";"2025-03-24T14:22:00.000Z";"2025-03-24T02:01:00.000Z";"2787";623950.5363191124;643846.9489126252;620994.8817279882;634673.3611679408;250698294633.19855;12588354499867.21;19841525;"2025-03-24T23:59:59.999Z"
"2025-03-23T00:00:00.000Z";"2025-03-23T23:59:59.999Z";"2025-03-23T23:59:00.000Z";"2025-03-23T00:02:00.000Z";"2787";607718.4048022834;624123.4454253971;607450.2560739231;623830.5157716651;91301516678.19124;12376760317092.652;19841046;"2025-03-23T23:59:59.999Z"
"2025-03-22T00:00:00.000Z";"2025-03-22T23:59:59.999Z";"2025-03-22T09:45:00.000Z";"2025-03-22T23:38:00.000Z";"2787";609272.3378956087;612662.1896696744;606579.4048827349;607722.6603851352;71500904748.6752;12057191671691.463;19840556;"2025-03-22T23:59:59.999Z"
"2025-03-21T00:00:00.000Z";"2025-03-21T23:59:59.999Z";"2025-03-21T02:03:00.000Z";"2025-03-21T13:37:00.000Z";"2787";610041.4371219013;614332.3403832972;602857.1817706409;609250.4951363386;137936524356.72446;12085204266341.408;19840084;"2025-03-21T23:59:59.999Z"
"2025-03-20T00:00:00.000Z";"2025-03-20T23:59:59.999Z";"2025-03-20T00:11:00.000Z";"2025-03-20T16:53:00.000Z";"2787";628156.6070876932;632280.4084250117;606291.5913079834;610060.651233293;209901361926.64764;12073862762647.156;19839637;"2025-03-20T23:59:59.999Z"
"2025-03-19T00:00:00.000Z";"2025-03-19T23:59:59.999Z";"2025-03-19T23:44:00.000Z";"2025-03-19T02:07:00.000Z";"2787";597874.9734192411;629228.4392630835;597193.8067380845;628021.194363463;252481222347.56345;12457033985139.586;19839190;"2025-03-19T23:59:59.999Z"
"2025-03-18T00:00:00.000Z";"2025-03-18T23:59:59.999Z";"2025-03-18T00:00:00.000Z";"2025-03-18T13:59:00.000Z";"2787";608136.4666015895;608136.4666015895;586736.4969041451;597872.7910514494;174289556791.87796;11869930996159.68;19838712;"2025-03-18T23:59:59.999Z"
"2025-03-17T00:00:00.000Z";"2025-03-17T23:59:59.999Z";"2025-03-17T19:48:00.000Z";"2025-03-17T14:12:00.000Z";"2787";597675.1210554087;612835.227892318;596723.4838084294;608136.2714822832;181617817951.3982;12072131842693.072;19838271;"2025-03-17T23:59:59.999Z"
"2025-03-16T00:00:00.000Z";"2025-03-16T23:59:59.999Z";"2025-03-16T16:10:00.000Z";"2025-03-16T23:10:00.000Z";"2787";610463.6151890574;615663.0059558424;593633.2916366234;597699.4157239903;154403426705.41998;11857972252697.47;19837834;"2025-03-16T23:59:59.999Z"
"2025-03-15T00:00:00.000Z";"2025-03-15T23:59:59.999Z";"2025-03-15T03:35:00.000Z";"2025-03-15T08:19:00.000Z";"2787";607822.1001470096;612920.0719729473;605441.9352959564;610534.4591973927;98811811207.90495;12111441436672.271;19837362;"2025-03-15T23:59:59.999Z"
"2025-03-14T00:00:00.000Z";"2025-03-14T23:59:59.999Z";"2025-03-14T15:43:00.000Z";"2025-03-14T00:11:00.000Z";"2787";586750.7380178171;617195.3762867543;584800.6383979638;607827.1221358172;214154319435.01096;12057208646891.074;19836950;"2025-03-14T23:59:59.999Z"
"2025-03-13T00:00:00.000Z";"2025-03-13T23:59:59.999Z";"2025-03-13T02:08:00.000Z";"2025-03-13T17:50:00.000Z";"2787";605988.4093247089;610318.9589134314;579058.3176448987;586748.6245046511;227362148888.48203;11643742132548.744;19836521;"2025-03-13T23:59:59.999Z"
"2025-03-12T00:00:00.000Z";"2025-03-12T23:59:59.999Z";"2025-03-12T12:31:00.000Z";"2025-03-12T15:09:00.000Z";"2787";598967.7025135069;609819.7206138291;583831.4585585267;605969.8974524495;291711303768.95276;12000805468602.742;19836021;"2025-03-12T23:59:59.999Z"
"2025-03-11T00:00:00.000Z";"2025-03-11T23:59:59.999Z";"2025-03-11T19:09:00.000Z";"2025-03-11T00:52:00.000Z";"2787";570122.5693438293;604175.2400540727;556330.3852023717;599002.6167195142;397169949461.0384;11930827433846.354;19835556;"2025-03-11T23:59:59.999Z"
"2025-03-10T00:00:00.000Z";"2025-03-10T23:59:59.999Z";"2025-03-10T09:25:00.000Z";"2025-03-10T19:05:00.000Z";"2787";583059.9308223135;609704.7276270707;562112.209564624;570067.0374314607;391091508492.67487;11274172710442.645;19835125;"2025-03-10T23:59:59.999Z"
"2025-03-09T00:00:00.000Z";"2025-03-09T23:59:59.999Z";"2025-03-09T01:02:00.000Z";"2025-03-09T23:08:00.000Z";"2787";623261.7873889264;625553.773382125;579119.7039242738;583088.0831071567;223533593636.50632;11561813354138.742;19834650;"2025-03-09T23:59:59.999Z"
"2025-03-08T00:00:00.000Z";"2025-03-08T23:59:59.999Z";"2025-03-08T00:54:00.000Z";"2025-03-08T01:35:00.000Z";"2787";627518.0373931129;628274.8455908577;616701.6124851004;623263.8659292458;131707609727.9123;12361676386328.637;19834137;"2025-03-08T23:59:59.999Z"
"2025-03-07T00:00:00.000Z";"2025-03-07T23:59:59.999Z";"2025-03-07T00:14:00.000Z";"2025-03-07T00:56:00.000Z";"2787";652035.8825598506;660934.4895079121;614016.7987220127;627518.2011361537;477961082524.51764;12468233007895.754;19833703;"2025-03-07T23:59:59.999Z"
"2025-03-06T00:00:00.000Z";"2025-03-06T23:59:59.999Z";"2025-03-06T05:59:00.000Z";"2025-03-06T19:32:00.000Z";"2787";657111.8029711928;672214.0206817396;636734.7292797779;652321.4804168855;346238650817.205;12934492553007.668;19833259;"2025-03-06T23:59:59.999Z"
"2025-03-05T00:00:00.000Z";"2025-03-05T23:59:59.999Z";"2025-03-05T23:46:00.000Z";"2025-03-05T00:44:00.000Z";"2787";633727.1008970531;659837.3347535861;627600.879016875;657120.5092783811;366905447412.243;13058380339190.37;19832728;"2025-03-05T23:59:59.999Z"
"2025-03-04T00:00:00.000Z";"2025-03-04T23:59:59.999Z";"2025-03-04T21:30:00.000Z";"2025-03-04T15:22:00.000Z";"2787";626985.3320174554;645993.7529385531;592318.0803106299;633721.5596968342;496080643663.115;12600815421148.322;19832315;"2025-03-04T23:59:59.999Z"
"2025-03-03T00:00:00.000Z";"2025-03-03T23:59:59.999Z";"2025-03-03T00:02:00.000Z";"2025-03-03T22:00:00.000Z";"2787";686486.6525011482;687807.3971984894;619825.8145359219;626997.0003430244;510392098213.85596;12434355795573.156;19831881;"2025-03-03T23:59:59.999Z"
"2025-03-02T00:00:00.000Z";"2025-03-02T23:59:59.999Z";"2025-03-02T17:48:00.000Z";"2025-03-02T14:50:00.000Z";"2787";626670.8927393958;692277.3733316032;619415.8900829211;686486.135555199;425361836849.03217;13615740124972.98;19831393;"2025-03-02T23:59:59.999Z"
"2025-03-01T00:00:00.000Z";"2025-03-01T23:59:59.999Z";"2025-03-01T04:44:00.000Z";"2025-03-01T00:58:00.000Z";"2787";614562.3533115705;630211.1458234213;610340.4306269703;626639.2435224652;212618699113.03802;12427332430872.873;19830968;"2025-03-01T23:59:59.999Z"
"2025-02-28T00:00:00.000Z";"2025-02-28T23:59:59.999Z";"2025-02-28T18:53:00.000Z";"2025-02-28T08:47:00.000Z";"2787";617182.150232561;619387.5638403327;569808.6070513099;614556.1326385821;609203339330.2596;12191411050318.494;19830562;"2025-02-28T23:59:59.999Z"
"2025-02-27T00:00:00.000Z";"2025-02-27T23:59:59.999Z";"2025-02-27T11:00:00.000Z";"2025-02-27T21:08:00.000Z";"2787";610398.0174449071;632408.6772120149;605806.6434037253;617054.3550758805;382308637583.19727;12194746161688.861;19830053;"2025-02-27T23:59:59.999Z"
"2025-02-26T00:00:00.000Z";"2025-02-26T23:59:59.999Z";"2025-02-26T03:20:00.000Z";"2025-02-26T20:21:00.000Z";"2787";642826.9831269638;647869.9725909225;596277.6039048011;612359.3631815712;468473932456.1591;12119467840677.66;19829568;"2025-02-26T23:59:59.999Z"