timeOpen;timeClose;timeHigh;timeLow;name;open;high;low;close;volume;marketCap;circulatingSupply;timestamp
"2026-04-01T00:00:00.000Z";"2026-04-01T23:59:59.999Z";"2026-04-01T07:12:00.000Z";"2026-04-01T02:37:00.000Z";"2787";60.5189984555;62.8772984357;60.2222918444;61.4205751726;4431905687.731095;43635774267.13679;708099970.45;"2026-04-01T23:59:59.999Z"
"2026-03-31T00:00:00.000Z";"2026-03-31T23:59:59.999Z";"2026-03-31T17:26:00.000Z";"2026-03-31T10:00:00.000Z";"2787";59.5221981669;61.0658983011;58.796277537;60.5185381876;2890548696.9676967;42964135609.70483;708099970.45;"2026-03-31T23:59:59.999Z"
"2026-03-30T00:00:00.000Z";"2026-03-30T23:59:59.999Z";"2026-03-30T13:25:00.000Z";"2026-03-30T00:10:00.000Z";"2787";58.0958416279;61.4505812409;58.0885649822;59.5214386692;2417214050.6187134;42143703510.70491;708099970.45;"2026-03-30T23:59:59.999Z"
"2026-03-29T00:00:00.000Z";"2026-03-29T23:59:59.999Z";"2026-03-29T03:23:00.000Z";"2026-03-29T22:52:00.000Z";"2787";58.2546848599;59.1348494636;57.0074140354;58.0959093911;1621694607.5188978;41137961328.11012;708099970.45;"2026-03-29T23:59:59.999Z"
"2026-03-28T00:00:00.000Z";"2026-03-28T23:59:59.999Z";"2026-03-28T15:25:00.000Z";"2026-03-28T23:59:00.000Z";"2787";59.1922062383;59.9467628538;58.2533049477;58.2545800455;1766123128.7588656;41250140628.07903;708099970.45;"2026-03-28T23:59:59.999Z"
"2026-03-27T00:00:00.000Z";"2026-03-27T23:59:59.999Z";"2026-03-27T02:34:00.000Z";"2026-03-27T20:37:00.000Z";"2787";61.6130267351;62.0211859156;58.7184954141;59.1922699043;2781170044.094768;41911865494.03102;708099970.45;"2026-03-27T23:59:59.999Z"
"2026-03-26T00:00:00.000Z";"2026-03-26T23:59:59.999Z";"2026-03-26T00:02:00.000Z";"2026-03-26T18:35:00.000Z";"2787";64.6994535804;64.7157454237;60.9242949903;61.612606675;4354804419.82899;43564755245.317635;708099970.45;"2026-03-26T23:59:59.999Z"
"2026-03-25T00:00:00.000Z";"2026-03-25T23:59:59.999Z";"2026-03-25T13:43:00.000Z";"2026-03-25T03:25:00.000Z";"2787";63.7335340413;65.4089003802;63.2739304403;64.6994535804;4380598036.068693;45755264825.224396;708099970.45;"2026-03-25T23:59:59.999Z"
"2026-03-24T00:00:00.000Z";"2026-03-24T23:59:59.999Z";"2026-03-24T23:41:00.000Z";"2026-03-24T17:50:00.000Z";"2787";62.6330595035;63.8058585269;62.1807892612;63.7335340413;4786708171.82424;45049834495.74889;708099970.45;"2026-03-24T23:59:59.999Z"
"2026-03-23T00:00:00.000Z";"2026-03-23T23:59:59.999Z";"2026-03-23T15:07:00.000Z";"2026-03-23T07:30:00.000Z";"2787";59.8099474667;63.8237623253;59.3326203953;62.6311861495;6473601836.177415;44388497924.499245;708099970.45;"2026-03-23T23:59:59.999Z"
"2026-03-22T00:00:00.000Z";"2026-03-22T23:59:59.999Z";"2026-03-22T03:37:00.000Z";"2026-03-22T21:22:00.000Z";"2787";60.6633103593;61.6288919444;59.1264471869;59.8099365655;4134392168.6351404;42351422033.93079;708099970.45;"2026-03-22T23:59:59.999Z"
"2026-03-21T00:00:00.000Z";"2026-03-21T23:59:59.999Z";"2026-03-21T03:13:00.000Z";"2026-03-21T23:59:00.000Z";"2787";62.7573798661;63.0756966074;60.6269327895;60.6513627573;2510249514.9754906;42955688272.98923;708099970.45;"2026-03-21T23:59:59.999Z"
"2026-03-20T00:00:00.000Z";"2026-03-20T23:59:59.999Z";"2026-03-20T08:16:00.000Z";"2026-03-20T18:40:00.000Z";"2787";62.4309898966;63.2397723366;61.7786046521;62.7573798661;4284164589.4899917;44529487274.72312;708099970.45;"2026-03-20T23:59:59.999Z"
"2026-03-19T00:00:00.000Z";"2026-03-19T23:59:59.999Z";"2026-03-19T03:31:00.000Z";"2026-03-19T14:40:00.000Z";"2787";63.4095160034;64.3079973784;61.4694330597;62.4311203237;4783762267.21766;44031526345.97144;708099970.45;"2026-03-19T23:59:59.999Z"
"2026-03-18T00:00:00.000Z";"2026-03-18T23:59:59.999Z";"2026-03-18T03:38:00.000Z";"2026-03-18T20:13:00.000Z";"2787";67.4572196251;68.2256656176;62.5760817254;63.4095942998;5061310377.940871;44990429079.27147;708099970.45;"2026-03-18T23:59:59.999Z"
"2026-03-17T00:00:00.000Z";"2026-03-17T23:59:59.999Z";"2026-03-17T01:14:00.000Z";"2026-03-17T06:08:00.000Z";"2787";68.4575112964;68.9055461318;66.8305973675;67.4579767636;5324194099.4935255;47831305823.678474;708099970.45;"2026-03-17T23:59:59.999Z"
"2026-03-16T00:00:00.000Z";"2026-03-16T23:59:59.999Z";"2026-03-16T22:10:00.000Z";"2026-03-16T01:19:00.000Z";"2787";65.3946886148;69.385658193;65.0035485063;68.4591828175;7610272754.571124;48477573405.81252;708099970.45;"2026-03-16T23:59:59.999Z"
"2026-03-15T00:00:00.000Z";"2026-03-15T23:59:59.999Z";"2026-03-15T23:10:00.000Z";"2026-03-15T01:25:00.000Z";"2787";63.1828460793;65.6957637179;62.9302891113;65.3944376121;4203969131.9918675;46305977075.91696;708099970.45;"2026-03-15T23:59:59.999Z"
"2026-03-14T00:00:00.000Z";"2026-03-14T23:59:59.999Z";"2026-03-14T23:59:00.000Z";"2026-03-14T10:41:00.000Z";"2787";62.6764312268;63.185114425;61.6239034994;63.183154176;3029100716.039449;44739771441.933525;708099970.45;"2026-03-14T23:59:59.999Z"
"2026-03-13T00:00:00.000Z";"2026-03-13T23:59:59.999Z";"2026-03-13T14:28:00.000Z";"2026-03-13T22:40:00.000Z";"2787";62.2224253202;66.0061624031;62.2224253202;62.6764685939;6027048739.299837;44203566864.331825;708099970.45;"2026-03-13T23:59:59.999Z"
"2026-03-12T00:00:00.000Z";"2026-03-12T23:59:59.999Z";"2026-03-12T10:43:00.000Z";"2026-03-12T05:31:00.000Z";"2787";61.7668958014;62.5097183028;60.8972785871;62.2228546666;4281713677.1284122;44042378971.495316;708099970.45;"2026-03-12T23:59:59.999Z"
"2026-03-11T00:00:00.000Z";"2026-03-11T23:59:59.999Z";"2026-03-11T13:41:00.000Z";"2026-03-11T05:53:00.000Z";"2787";61.776365196;62.7940712989;60.9829620144;61.7776444875;4396200068.962924;43805294231.503876;708099970.45;"2026-03-11T23:59:59.999Z"
"2026-03-10T00:00:00.000Z";"2026-03-10T23:59:59.999Z";"2026-03-10T16:27:00.000Z";"2026-03-10T00:13:00.000Z";"2787";61.1991806261;63.0114258979;61.1974727419;61.7765950713;5009802564.154998;43936577345.047035;708099970.45;"2026-03-10T23:59:59.999Z"
"2026-03-09T00:00:00.000Z";"2026-03-09T23:59:59.999Z";"2026-03-09T19:32:00.000Z";"2026-03-09T00:01:00.000Z";"2787";58.7840991793;62.7064805314;58.7539687697;61.1988339435;5117001494.364632;43269011959.11362;708099970.45;"2026-03-09T23:59:59.999Z"
"2026-03-08T00:00:00.000Z";"2026-03-08T23:59:59.999Z";"2026-03-08T10:28:00.000Z";"2026-03-08T22:07:00.000Z";"2787";59.9672282218;60.4528737179;58.2276429643;58.7840991793;3778912113.2492123;41625260309.772514;708099970.45;"2026-03-08T23:59:59.999Z"
"2026-03-07T00:00:00.000Z";"2026-03-07T23:59:59.999Z";"2026-03-07T03:16:00.000Z";"2026-03-07T22:38:00.000Z";"2787";60.6480898465;60.9356351893;59.7192251848;59.9675230192;2885774987.8149686;42462792531.98506;708099970.45;"2026-03-07T23:59:59.999Z"
"2026-03-06T00:00:00.000Z";"2026-03-06T23:59:59.999Z";"2026-03-06T01:55:00.000Z";"2026-03-06T17:45:00.000Z";"2787";63.3811654181;64.158426925;59.878388831;60.6481581699;4663165884.208274;42911908652.552826;708099970.45;"2026-03-06T23:59:59.999Z"
"2026-03-05T00:00:00.000Z";"2026-03-05T23:59:59.999Z";"2026-03-05T13:02:00.000Z";"2026-03-05T18:04:00.000Z";"2787";64.4810347315;65.3276551494;62.6427882908;63.3802628457;5488326975.692475;44919275757.00223;708099970.45;"2026-03-05T23:59:59.999Z"
"2026-03-04T00:00:00.000Z";"2026-03-04T23:59:59.999Z";"2026-03-04T19:22:00.000Z";"2026-03-04T04:41:00.000Z";"2787";60.8070964475;66.3172984567;60.2107711837;64.4810347315;6615702937.246394;45676540228.715675;708099970.45;"2026-03-04T23:59:59.999Z"
"2026-03-03T00:00:00.000Z";"2026-03-03T23:59:59.999Z";"2026-03-03T00:47:00.000Z";"2026-03-03T14:51:00.000Z";"2787";61.5879820586;61.9611337844;59.3281654148;60.8070964475;5227756802.594325;42947054543.206314;708099970.45;"2026-03-03T23:59:59.999Z"
"2026-03-02T00:00:00.000Z";"2026-03-02T23:59:59.999Z";"2026-03-02T16:50:00.000Z";"2026-03-02T14:05:00.000Z";"2787";59.4780856278;63.4419847247;59.1801631349;61.5880291926;5844881956.661921;43456219680.075325;708099970.45;"2026-03-02T23:59:59.999Z"
"2026-03-01T00:00:00.000Z";"2026-03-01T23:59:59.999Z";"2026-03-01T02:16:00.000Z";"2026-03-01T20:45:00.000Z";"2787";60.6520745388;62.9897780138;58.6651357983;59.4763648767;5333695946.919805;42116676318.36361;708099970.45;"2026-03-01T23:59:59.999Z"
"2026-02-28T00:00:00.000Z";"2026-02-28T23:59:59.999Z";"2026-02-28T22:40:00.000Z";"2026-02-28T10:14:00.000Z";"2787";59.7264770218;61.1062008043;56.4171539161;60.6520745388;3359776246.3725986;42947732188.77946;708099970.45;"2026-02-28T23:59:59.999Z"
"2026-02-27T00:00:00.000Z";"2026-02-27T23:59:59.999Z";"2026-02-27T04:20:00.000Z";"2026-02-27T22:37:00.000Z";"2787";62.2435454729;63.5540353625;59.0267692928;59.7265289009;2293684057.913398;42188099742.51191;708099970.45;"2026-02-27T23:59:59.999Z"
"2026-02-26T00:00:00.000Z";"2026-02-26T23:59:59.999Z";"2026-02-26T06:22:00.000Z";"2026-02-26T18:10:00.000Z";"2787";63.5835129224;63.7567277832;60.743326488;62.2452925143;2889193808.9383707;44256329468.5221;708099970.45;"2026-02-26T23:59:59.999Z"
"2026-02-25T00:00:00.000Z";"2026-02-25T23:59:59.999Z";"2026-02-25T22:16:00.000Z";"2026-02-25T00:19:00.000Z";"2787";56.4710365834;65.5068364853;56.3748783613;63.5861229161;4037412344.306971;45119173680.76005;708099970.45;"2026-02-25T23:59:59.999Z"
"2026-02-24T00:00:00.000Z";"2026-02-24T23:59:59.999Z";"2026-02-24T00:54:00.000Z";"2026-02-24T14:36:00.000Z";"2787";57.102598943;57.5242642248;55.6083529518;56.4709751182;3029207634.6302013;40130612316.174484;708099970.45;"2026-02-24T23:59:59.999Z"
"2026-02-23T00:00:00.000Z";"2026-02-23T23:59:59.999Z";"2026-02-23T00:16:00.000Z";"2026-02-23T04:45:00.000Z";"2787";59.9176638764;59.9904552308;56.545383441;57.1028175231;5317170896.468612;40434114520.89153;708099970.45;"2026-02-23T23:59:59.999Z"
"2026-02-22T00:00:00.000Z";"2026-02-22T23:59:59.999Z";"2026-02-22T02:13:00.000Z";"2026-02-22T19:32:00.000Z";"2787";61.3221721969;61.4121088091;59.5213681738;59.9173903767;2554980632.9104686;42427634609.0754;708099970.45;"2026-02-22T23:59:59.999Z"
"2026-02-21T00:00:00.000Z";"2026-02-21T23:59:59.999Z";"2026-02-21T14:27:00.000Z";"2026-02-21T16:29:00.000Z";"2787";61.7738514713;62.2186241949;61.2122581211;61.3221721969;2854118921.8401093;43422228320.77165;708099970.45;"2026-02-21T23:59:59.999Z"
"2026-02-20T00:00:00.000Z";"2026-02-20T23:59:59.999Z";"2026-02-20T22:35:00.000Z";"2026-02-20T13:44:00.000Z";"2787";59.2048523212;62.1256834441;58.5075347372;61.773935804;4531754739.599542;43742378971.59642;708099970.45;"2026-02-20T23:59:59.999Z"
"2026-02-19T00:00:00.000Z";"2026-02-19T23:59:59.999Z";"2026-02-19T06:33:00.000Z";"2026-02-19T16:10:00.000Z";"2787";59.4054805452;60.3113209157;57.9030473194;59.2049257141;3602783173.4220123;41921133763.84714;708099970.45;"2026-02-19T23:59:59.999Z"
"2026-02-18T00:00:00.000Z";"2026-02-18T23:59:59.999Z";"2026-02-18T08:28:00.000Z";"2026-02-18T22:17:00.000Z";"2787";61.0072986073;62.0216042801;59.0333381798;59.4055427839;3714866833.2633777;42065932350.63089;708099970.45;"2026-02-18T23:59:59.999Z"
"2026-02-17T00:00:00.000Z";"2026-02-17T23:59:59.999Z";"2026-02-17T02:58:00.000Z";"2026-02-17T15:35:00.000Z";"2787";61.6633673434;62.041260426;60.0575200684;61.0072986073;3787809973.5476713;43199266341.28088;708099970.45;"2026-02-17T23:59:59.999Z"
"2026-02-16T00:00:00.000Z";"2026-02-16T23:59:59.999Z";"2026-02-16T13:08:00.000Z";"2026-02-16T15:37:00.000Z";"2787";60.6706522587;61.9838240424;59.8679036777;61.6634088813;3775856891.84988;43663828593.854675;708099970.45;"2026-02-16T23:59:59.999Z"
"2026-02-15T00:00:00.000Z";"2026-02-15T23:59:59.999Z";"2026-02-15T08:25:00.000Z";"2026-02-15T19:46:00.000Z";"2787";62.788967382;63.759313145;59.5417553203;60.6708761429;4655340355.041916;42960887071.714836;708099970.45;"2026-02-15T23:59:59.999Z"
"2026-02-14T00:00:00.000Z";"2026-02-14T23:59:59.999Z";"2026-02-14T21:22:00.000Z";"2026-02-14T00:05:00.000Z";"2787";60.5769444129;63.4975185442;60.5487105443;62.7889328164;4006379390.8121285;44460865947.92422;708099970.45;"2026-02-14T23:59:59.999Z"
"2026-02-13T00:00:00.000Z";"2026-02-13T23:59:59.999Z";"2026-02-13T16:34:00.000Z";"2026-02-13T06:34:00.000Z";"2787";57.98403482;61.3275463157;57.3862206251;60.5769886969;4406054751.391408;42845172466.45654;708099970.45;"2026-02-13T23:59:59.999Z"
"2026-02-12T00:00:00.000Z";"2026-02-12T23:59:59.999Z";"2026-02-12T11:32:00.000Z";"2026-02-12T16:35:00.000Z";"2787";57.4609073831;59.1807125574;56.635229918;57.9842687421;4733601828.863141;41133462116.41171;708099970.45;"2026-02-12T23:59:59.999Z"
"2026-02-11T00:00:00.000Z";"2026-02-11T23:59:59.999Z";"2026-02-11T02:35:00.000Z";"2026-02-11T17:08:00.000Z";"2787";59.166516568;59.465379897;56.4103601531;57.4605101484;5761934910.94172;40673941675.79462;708099970.45;"2026-02-11T23:59:59.999Z"
"2026-02-10T00:00:00.000Z";"2026-02-10T23:59:59.999Z";"2026-02-10T01:50:00.000Z";"2026-02-10T13:03:00.000Z";"2787";61.1245604453;61.317011533;58.6486369323;59.1662782611;4014299531.5673666;41966131077.87794;708099970.45;"2026-02-10T23:59:59.999Z"
"2026-02-09T00:00:00.000Z";"2026-02-09T23:59:59.999Z";"2026-02-09T20:10:00.000Z";"2026-02-09T10:46:00.000Z";"2787";61.2817746518;62.2458079726;58.6347167263;61.1245548807;4605410787.476752;43385151568.89895;708099970.45;"2026-02-09T23:59:59.999Z"
"2026-02-08T00:00:00.000Z";"2026-02-08T23:59:59.999Z";"2026-02-08T12:40:00.000Z";"2026-02-08T16:56:00.000Z";"2787";61.8489589011;62.6119468793;60.6741405057;61.2878313095;3837902074.68147;43393622820.30432;708099970.45;"2026-02-08T23:59:59.999Z"
"2026-02-07T00:00:00.000Z";"2026-02-07T23:59:59.999Z";"2026-02-07T04:25:00.000Z";"2026-02-07T10:41:00.000Z";"2787";61.614254467;62.6159779576;59.6639931719;61.8488934393;6346505125.56116;43795245970.426025;708099970.45;"2026-02-07T23:59:59.999Z"
"2026-02-06T00:00:00.000Z";"2026-02-06T23:59:59.999Z";"2026-02-06T17:48:00.000Z";"2026-02-06T00:22:00.000Z";"2787";54.8580238782;62.3215566536;50.784395685;61.6144970867;11214080877.359438;43623707343.162895;708099970.45;"2026-02-06T23:59:59.999Z"
"2026-02-05T00:00:00.000Z";"2026-02-05T23:59:59.999Z";"2026-02-05T01:41:00.000Z";"2026-02-05T22:25:00.000Z";"2787";64.2218953717;64.5646417109;54.6030534479;54.8608138653;11918334377.751797;38865680610.400116;708099970.45;"2026-02-05T23:59:59.999Z"
"2026-02-04T00:00:00.000Z";"2026-02-04T23:59:59.999Z";"2026-02-04T03:44:00.000Z";"2026-02-04T18:26:00.000Z";"2787";65.576589752;67.6066748366;62.793913455;64.2218953717;6968805833.840397;45453799481.748604;708099970.45;"2026-02-04T23:59:59.999Z"
"2026-02-03T00:00:00.000Z";"2026-02-03T23:59:59.999Z";"2026-02-03T21:12:00.000Z";"2026-02-03T18:56:00.000Z";"2787";68.1227777486;68.3322430312;63.0341968766;65.5728508349;7304957445.200938;46490330065.88604;708099970.45;"2026-02-03T23:59:59.999Z"
"2026-02-02T00:00:00.000Z";"2026-02-02T23:59:59.999Z";"2026-02-02T16:32:00.000Z";"2026-02-02T03:41:00.000Z";"2787";65.4231156368;69.3180336299;62.8268061113;68.1227777486;8348363756.038626;48275670250.62366;708099970.45;"2026-02-02T23:59:59.999Z"
"2026-02-01T00:00:00.000Z";"2026-02-01T23:59:59.999Z";"2026-02-01T04:21:00.000Z";"2026-02-01T23:13:00.000Z";"2787";69.2992376302;69.9314175137;64.3703316354;65.420769805;6750759953.382013;46324689470.52242;708099970.45;"2026-02-01T23:59:59.999Z"
"2026-01-31T00:00:00.000Z";"2026-01-31T23:59:59.999Z";"2026-01-31T02:48:00.000Z";"2026-01-31T18:45:00.000Z";"2787";74.8679450575;75.0609007003;64.8464487425;69.2992759293;8626567495.314589;49070788118.36149;708099970.45;"2026-01-31T23:59:59.999Z"
"2026-01-30T00:00:00.000Z";"2026-01-30T23:59:59.999Z";"2026-01-30T00:07:00.000Z";"2026-01-30T18:25:00.000Z";"2787";77.1165987821;77.3853658455;73.1331803157;74.8678291048;4290099492.9686947;52988442609.97713;708099970.45;"2026-01-30T23:59:59.999Z"
"2026-01-29T00:00:00.000Z";"2026-01-29T23:59:59.999Z";"2026-01-29T00:04:00.000Z";"2026-01-29T19:02:00.000Z";"2787";82.1949304982;82.2100738824;75.229947147;77.1164668875;3525215323.321974;54590543668.5996;708099970.45;"2026-01-29T23:59:59.999Z"
"2026-01-28T00:00:00.000Z";"2026-01-28T23:59:59.999Z";"2026-01-28T00:00:00.000Z";"2026-01-28T16:16:00.000Z";"2787";83.7059355974;83.7065694791;81.2730992222;82.1943058073;2180562380.37823;58271771576.42511;708099970.45;"2026-01-28T23:59:59.999Z"
"2026-01-27T00:00:00.000Z";"2026-01-27T23:59:59.999Z";"2026-01-27T16:41:00.000Z";"2026-01-27T14:01:00.000Z";"2787";83.0544108597;84.5403129662;82.3401614139;83.7061634343;2476230954.2677813;59269613741.33761;708099970.45;"2026-01-27T23:59:59.999Z"
"2026-01-26T00:00:00.000Z";"2026-01-26T23:59:59.999Z";"2026-01-26T15:19:00.000Z";"2026-01-26T00:00:00.000Z";"2787";80.2347628064;84.141053667;80.2347628064;83.0560204154;2497676301.759683;58973193277.19179;708099970.45;"2026-01-26T23:59:59.999Z"
"2026-01-25T00:00:00.000Z";"2026-01-25T23:59:59.999Z";"2026-01-25T00:11:00.000Z";"2026-01-25T20:43:00.000Z";"2787";84.9127872562;84.9310567909;79.2484655142;80.2350210879;3027191800.37413;56736059994.36282;708099970.45;"2026-01-25T23:59:59.999Z"
"2026-01-24T00:00:00.000Z";"2026-01-24T23:59:59.999Z";"2026-01-24T04:19:00.000Z";"2026-01-24T16:27:00.000Z";"2787";85.0141974941;85.3727205495;84.4521273396;84.9049217078;1258548078.1250515;60120657642.75074;708099970.45;"2026-01-24T23:59:59.999Z"
"2026-01-23T00:00:00.000Z";"2026-01-23T23:59:59.999Z";"2026-01-23T17:41:00.000Z";"2026-01-23T14:49:00.000Z";"2787";85.3741181453;86.635484271;83.9621826048;85.0147074913;1964551706.4078672;60287595449.86992;708099970.45;"2026-01-23T23:59:59.999Z"
"2026-01-22T00:00:00.000Z";"2026-01-22T23:59:59.999Z";"2026-01-22T02:31:00.000Z";"2026-01-22T15:34:00.000Z";"2787";86.2561403279;87.4783965404;84.5533051015;85.3739924949;2302424988.3127275;60369322248.57618;708099970.45;"2026-01-22T23:59:59.999Z"
"2026-01-21T00:00:00.000Z";"2026-01-21T23:59:59.999Z";"2026-01-21T22:14:00.000Z";"2026-01-21T17:39:00.000Z";"2787";84.3252615471;88.0064413887;83.1021975813;86.2562179784;3549536852.00736;61054289646.70123;708099970.45;"2026-01-21T23:59:59.999Z"
"2026-01-20T00:00:00.000Z";"2026-01-20T23:59:59.999Z";"2026-01-20T00:07:00.000Z";"2026-01-20T23:07:00.000Z";"2787";89.6799054997;89.7425338704;84.2866559627;84.3257487281;3066262165.587413;59735590385.74478;708099970.45;"2026-01-20T23:59:59.999Z"
"2026-01-19T00:00:00.000Z";"2026-01-19T23:59:59.999Z";"2026-01-19T00:00:00.000Z";"2026-01-19T06:49:00.000Z";"2787";92.8926059852;92.8926059852;88.6590595019;89.6797922624;4041335679.9356165;63545651440.95113;708099970.45;"2026-01-19T23:59:59.999Z"
"2026-01-18T00:00:00.000Z";"2026-01-18T23:59:59.999Z";"2026-01-18T18:58:00.000Z";"2026-01-18T23:59:00.000Z";"2787";95.7197049144;96.6041817998;92.8876844871;92.8942502867;2219507489.3456264;65777251553.45914;708099970.45;"2026-01-18T23:59:59.999Z"
"2026-01-17T00:00:00.000Z";"2026-01-17T23:59:59.999Z";"2026-01-17T16:07:00.000Z";"2026-01-17T03:43:00.000Z";"2787";95.66409219;96.7493315589;95.0305888565;95.7197049144;1540865501.7384405;67779120221.64598;708099970.45;"2026-01-17T23:59:59.999Z"
"2026-01-16T00:00:00.000Z";"2026-01-16T23:59:59.999Z";"2026-01-16T00:49:00.000Z";"2026-01-16T15:49:00.000Z";"2787";96.0287271799;96.5330049533;93.7833679836;95.6648182884;2503022889.1551943;67715925967.58988;708099970.45;"2026-01-16T23:59:59.999Z"
"2026-01-15T00:00:00.000Z";"2026-01-15T23:59:59.999Z";"2026-01-15T14:15:00.000Z";"2026-01-15T20:52:00.000Z";"2787";98.4296622624;98.8596091217;94.6141686934;96.0269331939;3901762526.6835546;68070169119.282486;708099970.45;"2026-01-15T23:59:59.999Z"
"2026-01-14T00:00:00.000Z";"2026-01-14T23:59:59.999Z";"2026-01-14T16:49:00.000Z";"2026-01-14T12:01:00.000Z";"2787";97.9864968044;100.2537988605;96.7497524792;98.4310127883;4153435398.4757295;69740016874.19185;708099970.45;"2026-01-14T23:59:59.999Z"
"2026-01-13T00:00:00.000Z";"2026-01-13T23:59:59.999Z";"2026-01-13T22:50:00.000Z";"2026-01-13T01:46:00.000Z";"2787";91.1323825838;98.742119516;91.0783330256;97.9862513521;3788670003.3987494;69336507728.90886;708099970.45;"2026-01-13T23:59:59.999Z"
"2026-01-12T00:00:00.000Z";"2026-01-12T23:59:59.999Z";"2026-01-12T03:31:00.000Z";"2026-01-12T14:31:00.000Z";"2787";91.9220341665;94.0928560341;90.4152071754;91.1310854637;2688330872.8295317;64569334558.775215;708099970.45;"2026-01-12T23:59:59.999Z"
"2026-01-11T00:00:00.000Z";"2026-01-11T23:59:59.999Z";"2026-01-11T19:16:00.000Z";"2026-01-11T23:08:00.000Z";"2787";91.6017840498;92.9850451772;91.194190862;91.9209618533;1645886235.7279732;65089896389.88438;708099970.45;"2026-01-11T23:59:59.999Z"
"2026-01-10T00:00:00.000Z";"2026-01-10T23:59:59.999Z";"2026-01-10T13:50:00.000Z";"2026-01-10T06:25:00.000Z";"2787";91.529430171;92.2833584781;91.1569657367;91.6065175365;1402775066.9891295;64863220579.15854;708099970.45;"2026-01-10T23:59:59.999Z"
"2026-01-09T00:00:00.000Z";"2026-01-09T23:59:59.999Z";"2026-01-09T16:20:00.000Z";"2026-01-09T19:35:00.000Z";"2787";92.2941096942;93.5511453308;91.1379386088;91.5285808905;3921830999.8221197;64871900278.96115;708099970.45;"2026-01-09T23:59:59.999Z"
"2026-01-08T00:00:00.000Z";"2026-01-08T23:59:59.999Z";"2026-01-08T02:20:00.000Z";"2026-01-08T14:46:00.000Z";"2787";93.966289531;94.640725515;91.0964477819;92.2937059811;4726443391.113218;65479787522.551285;708099970.45;"2026-01-08T23:59:59.999Z"
"2026-01-07T00:00:00.000Z";"2026-01-07T23:59:59.999Z";"2026-01-07T00:00:00.000Z";"2026-01-07T23:11:00.000Z";"2787";98.0603995872;98.0635651697;93.1814349671;93.966289531;5321860183.080424;66408204049.52822;708099970.45;"2026-01-07T23:59:59.999Z"
"2026-01-06T00:00:00.000Z";"2026-01-06T23:59:59.999Z";"2026-01-06T14:44:00.000Z";"2026-01-06T18:01:00.000Z";"2787";97.2665235134;99.0724617603;94.2736947434;98.0629697957;6974356225.998682;69486279358.46158;708099970.45;"2026-01-06T23:59:59.999Z"
"2026-01-05T00:00:00.000Z";"2026-01-05T23:59:59.999Z";"2026-01-05T22:43:00.000Z";"2026-01-05T00:00:00.000Z";"2787";93.7178460432;98.6392945896;93.7178460432;97.2680769847;6482103621.45811;68925669009.19229;708099970.45;"2026-01-05T23:59:59.999Z"
"2026-01-04T00:00:00.000Z";"2026-01-04T23:59:59.999Z";"2026-01-04T17:13:00.000Z";"2026-01-04T00:03:00.000Z";"2787";92.5388646733;94.8204565723;92.5026637048;93.709585641;4083125958.776953;66361129589.20834;708099970.45;"2026-01-04T23:59:59.999Z"
"2026-01-03T00:00:00.000Z";"2026-01-03T23:59:59.999Z";"2026-01-03T00:35:00.000Z";"2026-01-03T07:31:00.000Z";"2787";92.7627980253;93.4048603793;90.8751130404;92.496146764;3571941554.393332;65526767340.921104;708099970.45;"2026-01-03T23:59:59.999Z"
"2026-01-02T00:00:00.000Z";"2026-01-02T23:59:59.999Z";"2026-01-02T22:49:00.000Z";"2026-01-02T02:31:00.000Z";"2787";88.0235764915;93.7536966138;87.9513937681;92.7611271515;5829395449.201811;65683925760.28763;708099970.45;"2026-01-02T23:59:59.999Z"
"2026-01-01T00:00:00.000Z";"2026-01-01T23:59:59.999Z";"2026-01-01T23:24:00.000Z";"2026-01-01T05:00:00.000Z";"2787";85.262734576;88.161334422;84.9460646051;88.0238232241;2966708197.078593;62345533934.27708;708099970.45;"2026-01-01T23:59:59.999Z"
"2025-12-31T00:00:00.000Z";"2025-12-31T23:59:59.999Z";"2025-12-31T14:15:00.000Z";"2025-12-31T23:59:00.000Z";"2787";86.8558496869;87.4823419533;85.2591416732;85.2612066234;3266894846.70523;60382307268.21308;708099970.45;"2025-12-31T23:59:59.999Z"
"2025-12-30T00:00:00.000Z";"2025-12-30T23:59:59.999Z";"2025-12-30T14:56:00.000Z";"2025-12-30T03:17:00.000Z";"2787";86.1050878249;87.8480285773;85.939192742;86.8558496869;2174715596.4179373;61587014454.06167;708099970.45;"2025-12-30T23:59:59.999Z"
"2025-12-29T00:00:00.000Z";"2025-12-29T23:59:59.999Z";"2025-12-29T04:22:00.000Z";"2025-12-29T20:55:00.000Z";"2787";87.4241809794;90.9723705303;85.8886682726;86.105150942;3225771006.0319247;60977102024.04891;708099970.45;"2025-12-29T23:59:59.999Z"
"2025-12-28T00:00:00.000Z";"2025-12-28T23:59:59.999Z";"2025-12-28T16:23:00.000Z";"2025-12-28T21:13:00.000Z";"2787";87.5666190991;88.0350535837;86.3646127922;87.4240702921;1731534977.1841629;61905059968.42694;708099970.45;"2025-12-28T23:59:59.999Z"
"2025-12-27T00:00:00.000Z";"2025-12-27T23:59:59.999Z";"2025-12-27T23:59:00.000Z";"2025-12-27T01:23:00.000Z";"2787";85.3211847106;87.568515583;85.2535460788;87.5670798816;1506694987.6882062;62005920396.7133;708099970.45;"2025-12-27T23:59:59.999Z"
"2025-12-26T00:00:00.000Z";"2025-12-26T23:59:59.999Z";"2025-12-26T02:34:00.000Z";"2025-12-26T00:14:00.000Z";"2787";84.4619727333;87.6911498561;84.4431816082;85.3213055158;2228406826.2354865;60409030297.50234;708099970.45;"2025-12-26T23:59:59.999Z"
"2025-12-25T00:00:00.000Z";"2025-12-25T23:59:59.999Z";"2025-12-25T16:31:00.000Z";"2025-12-25T23:47:00.000Z";"2787";86.1710878867;87.1048947958;84.194401114;84.4630528324;1727825654.2706883;59961753610.419876;708099970.45;"2025-12-25T23:59:59.999Z"
"2025-12-24T00:00:00.000Z";"2025-12-24T23:59:59.999Z";"2025-12-24T01:09:00.000Z";"2025-12-24T15:26:00.000Z";"2787";87.0678699508;87.2260129745;84.6486732953;86.1710878867;2107646788.6207438;61057123308.187096;708099970.45;"2025-12-24T23:59:59.999Z"
"2025-12-23T00:00:00.000Z";"2025-12-23T23:59:59.999Z";"2025-12-23T00:40:00.000Z";"2025-12-23T14:58:00.000Z";"2787";88.5128674261;89.1377803886;85.2463033265;87.0681099807;3082291603.908685;61727316632.849815;708099970.45;"2025-12-23T23:59:59.999Z"
"2025-12-22T00:00:00.000Z";"2025-12-22T23:59:59.999Z";"2025-12-22T15:11:00.000Z";"2025-12-22T20:53:00.000Z";"2787";87.5336139801;90.6180748817;87.0917789198;88.5126767125;3522946683.110885;62711139999.61068;708099970.45;"2025-12-22T23:59:59.999Z"
"2025-12-21T00:00:00.000Z";"2025-12-21T23:59:59.999Z";"2025-12-21T10:04:00.000Z";"2025-12-21T13:58:00.000Z";"2787";88.3726927292;89.3149964725;86.2060750184;87.5336139801;2375886952.9323487;61983869945.67589;708099970.45;"2025-12-21T23:59:59.999Z"
"2025-12-20T00:00:00.000Z";"2025-12-20T23:59:59.999Z";"2025-12-20T08:40:00.000Z";"2025-12-20T02:16:00.000Z";"2787";88.2334965593;89.3966835317;87.9117247671;88.3729231826;1795603988.9944987;62576701110.360596;708099970.45;"2025-12-20T23:59:59.999Z"
"2025-12-19T00:00:00.000Z";"2025-12-19T23:59:59.999Z";"2025-12-19T15:19:00.000Z";"2025-12-19T02:13:00.000Z";"2787";84.0352054509;89.630479938;83.4729191576;88.2336222932;4064885276.2188115;62484347650.822685;708099970.45;"2025-12-19T23:59:59.999Z"
"2025-12-18T00:00:00.000Z";"2025-12-18T23:59:59.999Z";"2025-12-18T14:04:00.000Z";"2025-12-18T20:01:00.000Z";"2787";86.2179532935;90.3287163321;82.8069862233;84.0352054509;4840414449.104047;58576562526.83176;696849970.45;"2025-12-18T23:59:59.999Z"
"2025-12-17T00:00:00.000Z";"2025-12-17T23:59:59.999Z";"2025-12-17T15:08:00.000Z";"2025-12-17T19:13:00.000Z";"2787";91.0821172704;92.4579812432;85.5743701083;86.2168319801;4490158045.744376;60065624878.5996;696849970.45;"2025-12-17T23:59:59.999Z"
"2025-12-16T00:00:00.000Z";"2025-12-16T23:59:59.999Z";"2025-12-16T15:59:00.000Z";"2025-12-16T04:51:00.000Z";"2787";90.6601353227;92.0398803867;89.0694631783;91.0821172704;3825807263.6321106;63517889742.632484;696849970.45;"2025-12-16T23:59:59.999Z"
"2025-12-15T00:00:00.000Z";"2025-12-15T23:59:59.999Z";"2025-12-15T10:35:00.000Z";"2025-12-15T18:37:00.000Z";"2787";93.7705491002;96.6860016873;88.35724516;90.6601353227;4706224535.784848;63241506727.30608;696849970.45;"2025-12-15T23:59:59.999Z"
"2025-12-14T00:00:00.000Z";"2025-12-14T23:59:59.999Z";"2025-12-14T03:13:00.000Z";"2025-12-14T23:34:00.000Z";"2787";96.9494943645;97.2274084055;93.1726985173;93.7711864255;2698440304.050667;65344004369.80442;696849970.45;"2025-12-14T23:59:59.999Z"
"2025-12-13T00:00:00.000Z";"2025-12-13T23:59:59.999Z";"2025-12-13T09:22:00.000Z";"2025-12-13T01:49:00.000Z";"2787";96.2601665854;98.4274196321;96.0713647724;96.9488489114;2356990505.6159816;67559252283.30746;696849970.45;"2025-12-13T23:59:59.999Z"
"2025-12-12T00:00:00.000Z";"2025-12-12T23:59:59.999Z";"2025-12-12T13:54:00.000Z";"2025-12-12T16:49:00.000Z";"2787";99.2539421196;101.0717768989;94.0824229153;96.2603604876;4098442871.7707014;67112650010.11735;696849970.45;"2025-12-12T23:59:59.999Z"
"2025-12-11T00:00:00.000Z";"2025-12-11T23:59:59.999Z";"2025-12-11T21:35:00.000Z";"2025-12-11T08:48:00.000Z";"2787";99.7398578152;100.0960778716;94.8923760134;99.2548650701;4793278861.804256;69229293122.3338;696849970.45;"2025-12-11T23:59:59.999Z"
"2025-12-10T00:00:00.000Z";"2025-12-10T23:59:59.999Z";"2025-12-10T20:19:00.000Z";"2025-12-10T15:40:00.000Z";"2787";101.8376010264;104.9964464196;98.8024601641;99.7430264426;5550463518.120178;69493878662.54878;696849970.45;"2025-12-10T23:59:59.999Z"
"2025-12-09T00:00:00.000Z";"2025-12-09T23:59:59.999Z";"2025-12-09T17:16:00.000Z";"2025-12-09T03:25:00.000Z";"2787";97.2282365045;105.8422931789;95.9997076549;101.8380180578;5098979867.495676;71046907145.32982;696849970.45;"2025-12-09T23:59:59.999Z"
"2025-12-08T00:00:00.000Z";"2025-12-08T23:59:59.999Z";"2025-12-08T09:10:00.000Z";"2025-12-08T00:22:00.000Z";"2787";96.4589082787;100.7870822232;96.2250538542;97.2244455132;4082335026.889033;67738164240.352264;696849970.45;"2025-12-08T23:59:59.999Z"
"2025-12-07T00:00:00.000Z";"2025-12-07T23:59:59.999Z";"2025-12-07T18:20:00.000Z";"2025-12-07T15:06:00.000Z";"2787";98.4581692124;99.9418408796;93.5645222281;96.4567816199;4349252483.343017;67217387383.947876;696849970.45;"2025-12-07T23:59:59.999Z"
"2025-12-06T00:00:00.000Z";"2025-12-06T23:59:59.999Z";"2025-12-06T18:20:00.000Z";"2025-12-06T00:25:00.000Z";"2787";96.2035076995;99.4769804134;95.5429498945;98.4587005505;3324151965.2735133;68610572306.45681;696849970.45;"2025-12-06T23:59:59.999Z"
"2025-12-05T00:00:00.000Z";"2025-12-05T23:59:59.999Z";"2025-12-05T02:46:00.000Z";"2025-12-05T19:07:00.000Z";"2787";100.8530446947;101.6663282415;94.7201814693;96.2036729032;4730473053.112909;67087596033.34465;696849970.45;"2025-12-05T23:59:59.999Z"
"2025-12-04T00:00:00.000Z";"2025-12-04T23:59:59.999Z";"2025-12-04T01:17:00.000Z";"2025-12-04T19:26:00.000Z";"2787";103.7097217905;105.3281586194;99.0692363205;100.8001602455;5088483041.834601;70166384811.0823;696849970.45;"2025-12-04T23:59:59.999Z"
"2025-12-03T00:00:00.000Z";"2025-12-03T23:59:59.999Z";"2025-12-03T23:17:00.000Z";"2025-12-03T00:37:00.000Z";"2787";95.5213947685;103.9083268631;95.1483982564;103.7507423549;8563248382.779468;72338664624.66254;696849970.45;"2025-12-03T23:59:59.999Z"
"2025-12-02T00:00:00.000Z";"2025-12-02T23:59:59.999Z";"2025-12-02T23:37:00.000Z";"2025-12-02T03:34:00.000Z";"2787";85.4654920168;95.9417934845;84.8705102639;95.5259454716;5653150998.559531;66576319762.25565;696849970.45;"2025-12-02T23:59:59.999Z"
"2025-12-01T00:00:00.000Z";"2025-12-01T23:59:59.999Z";"2025-12-01T00:00:00.000Z";"2025-12-01T16:59:00.000Z";"2787";91.8400308777;91.8400308777;83.1816725447;85.4655458906;5868989553.60696;59588206986.872055;696849970.45;"2025-12-01T23:59:59.999Z"
"2025-11-30T00:00:00.000Z";"2025-11-30T23:59:59.999Z";"2025-11-30T16:29:00.000Z";"2025-11-30T03:23:00.000Z";"2787";91.998674295;94.8981976844;91.808952623;91.838444128;2324034573.1911983;63996461540.31116;696849970.45;"2025-11-30T23:59:59.999Z"
"2025-11-29T00:00:00.000Z";"2025-11-29T23:59:59.999Z";"2025-11-29T15:24:00.000Z";"2025-11-29T18:20:00.000Z";"2787";92.9688618409;93.4341552315;91.686630237;92.0242471703;2198745821.270452;64109273464.18481;696849970.45;"2025-11-29T23:59:59.999Z"
"2025-11-28T00:00:00.000Z";"2025-11-28T23:59:59.999Z";"2025-11-28T09:01:00.000Z";"2025-11-28T18:08:00.000Z";"2787";94.5059976719;95.6093065929;92.5199213622;92.9690192037;3389265180.755057;64826553108.491455;696849970.45;"2025-11-28T23:59:59.999Z"
"2025-11-27T00:00:00.000Z";"2025-11-27T23:59:59.999Z";"2025-11-27T02:32:00.000Z";"2025-11-27T13:01:00.000Z";"2787";95.2708848526;95.9475401461;93.8136274188;94.5058640003;3154957016.3453293;65862082902.3722;696849970.45;"2025-11-27T23:59:59.999Z"
"2025-11-26T00:00:00.000Z";"2025-11-26T23:59:59.999Z";"2025-11-26T18:31:00.000Z";"2025-11-26T12:23:00.000Z";"2787";92.5669856546;95.5337488137;90.4226482209;95.2710354995;3790873405.268032;66430301157.22446;696849970.45;"2025-11-26T23:59:59.999Z"
"2025-11-25T00:00:00.000Z";"2025-11-25T23:59:59.999Z";"2025-11-25T23:16:00.000Z";"2025-11-25T14:52:00.000Z";"2787";92.0824024192;93.498505608;89.1978042807;92.5667812868;4792046281.094129;64670553516.133125;696849970.45;"2025-11-25T23:59:59.999Z"
"2025-11-24T00:00:00.000Z";"2025-11-24T23:59:59.999Z";"2025-11-24T18:22:00.000Z";"2025-11-24T09:31:00.000Z";"2787";88.9056629027;93.6004774985;87.9377838535;92.0839550426;5036404727.886471;64206013917.48262;696849970.45;"2025-11-24T23:59:59.999Z"
"2025-11-23T00:00:00.000Z";"2025-11-23T23:59:59.999Z";"2025-11-23T22:02:00.000Z";"2025-11-23T00:58:00.000Z";"2787";86.5165815453;90.4352975018;86.1669247974;88.9040442095;4224709500.4321136;61953908566.86027;696849970.45;"2025-11-23T23:59:59.999Z"
"2025-11-22T00:00:00.000Z";"2025-11-22T23:59:59.999Z";"2025-11-22T22:58:00.000Z";"2025-11-22T13:43:00.000Z";"2787";86.1354780256;87.1500805701;83.6572097543;86.5149651918;3670231327.4167438;60289077293.55467;696849970.45;"2025-11-22T23:59:59.999Z"
"2025-11-21T00:00:00.000Z";"2025-11-21T23:59:59.999Z";"2025-11-21T01:31:00.000Z";"2025-11-21T12:31:00.000Z";"2787";91.9773306435;93.7617161858;82.9816176506;86.13422845;9255434765.958548;60101626283.16286;696849970.45;"2025-11-21T23:59:59.999Z"
"2025-11-20T00:00:00.000Z";"2025-11-20T23:59:59.999Z";"2025-11-20T08:07:00.000Z";"2025-11-20T17:19:00.000Z";"2787";96.1582276398;99.2025101681;90.9567078189;91.9800269545;7144220150.889948;64051168574.61939;696849970.45;"2025-11-20T23:59:59.999Z"
"2025-11-19T00:00:00.000Z";"2025-11-19T23:59:59.999Z";"2025-11-19T00:00:00.000Z";"2025-11-19T19:32:00.000Z";"2787";98.0519650375;98.0519650375;90.9898753241;96.1573359346;6008427232.967028;66973937693.48672;696849970.45;"2025-11-19T23:59:59.999Z"
"2025-11-18T00:00:00.000Z";"2025-11-18T23:59:59.999Z";"2025-11-18T19:30:00.000Z";"2025-11-18T00:47:00.000Z";"2787";94.5793464246;99.2376824299;93.2580830645;98.0543753756;5866763243.598269;68324625110.79005;696849970.45;"2025-11-18T23:59:59.999Z"
"2025-11-17T00:00:00.000Z";"2025-11-17T23:59:59.999Z";"2025-11-17T11:40:00.000Z";"2025-11-17T20:46:00.000Z";"2787";97.559840138;100.7623853011;93.1195523362;94.575563738;6142489812.952159;65832042204.84783;696849970.45;"2025-11-17T23:59:59.999Z"
"2025-11-16T00:00:00.000Z";"2025-11-16T23:59:59.999Z";"2025-11-16T10:29:00.000Z";"2025-11-16T22:12:00.000Z";"2787";100.2537539977;102.7555510866;95.4598401351;97.5617977854;5611955294.633692;67984571717.535614;696849970.45;"2025-11-16T23:59:59.999Z"
"2025-11-15T00:00:00.000Z";"2025-11-15T23:59:59.999Z";"2025-11-15T18:17:00.000Z";"2025-11-15T00:00:00.000Z";"2787";97.960667707;101.5876609566;97.960667707;100.2523440859;3458375434.761427;69861825511.0479;696849970.45;"2025-11-15T23:59:59.999Z"
"2025-11-14T00:00:00.000Z";"2025-11-14T23:59:59.999Z";"2025-11-14T00:01:00.000Z";"2025-11-14T23:11:00.000Z";"2787";103.4891909042;103.4984570566;96.880428383;97.9743426742;7811881809.890262;68228792765.34393;696849970.45;"2025-11-14T23:59:59.999Z"
"2025-11-13T00:00:00.000Z";"2025-11-13T23:59:59.999Z";"2025-11-13T06:26:00.000Z";"2025-11-13T21:37:00.000Z";"2787";107.7994209463;113.4771211883;100.7903663543;103.4905308631;7141788403.887422;72354764643.74443;696849970.45;"2025-11-13T23:59:59.999Z"
"2025-11-12T00:00:00.000Z";"2025-11-12T23:59:59.999Z";"2025-11-12T13:55:00.000Z";"2025-11-12T19:37:00.000Z";"2787";108.8810131722;115.3535080707;106.4883813062;107.7990943706;5770688082.925126;75098392668.15933;696849970.45;"2025-11-12T23:59:59.999Z"
"2025-11-11T00:00:00.000Z";"2025-11-11T23:59:59.999Z";"2025-11-11T01:23:00.000Z";"2025-11-11T22:11:00.000Z";"2787";116.368930686;119.0186015215;108.7667539728;108.8825957436;5412579069.034604;75898782905.74084;696849970.45;"2025-11-11T23:59:59.999Z"
"2025-11-10T00:00:00.000Z";"2025-11-10T23:59:59.999Z";"2025-11-10T11:29:00.000Z";"2025-11-10T00:07:00.000Z";"2787";113.3952263771;118.3702971212;112.8822295293;116.3650612476;5988821016.5699625;81088268957.63986;696849970.45;"2025-11-10T23:59:59.999Z"
"2025-11-09T00:00:00.000Z";"2025-11-09T23:59:59.999Z";"2025-11-09T20:07:00.000Z";"2025-11-09T03:28:00.000Z";"2787";110.5093003751;114.6720472573;107.2709882276;113.3967620242;4512084031.537997;79055532719.5665;696849970.45;"2025-11-09T23:59:59.999Z"
"2025-11-08T00:00:00.000Z";"2025-11-08T23:59:59.999Z";"2025-11-08T02:43:00.000Z";"2025-11-08T16:11:00.000Z";"2787";112.3169815634;113.9715753324;107.9022013959;110.5097046467;5360165446.714497;77008402701.12257;696849970.45;"2025-11-08T23:59:59.999Z"
"2025-11-07T00:00:00.000Z";"2025-11-07T23:59:59.999Z";"2025-11-07T18:46:00.000Z";"2025-11-07T12:56:00.000Z";"2787";104.781211408;115.3553984299;102.2764723995;112.3164588038;7492739146.855711;78232921456.97144;696849970.45;"2025-11-07T23:59:59.999Z"
"2025-11-06T00:00:00.000Z";"2025-11-06T23:59:59.999Z";"2025-11-06T04:49:00.000Z";"2025-11-06T16:46:00.000Z";"2787";107.9697892114;108.2505046814;101.9921237296;104.7737515346;5228650196.748932;73092678699.98688;696849970.45;"2025-11-06T23:59:59.999Z"
"2025-11-05T00:00:00.000Z";"2025-11-05T23:59:59.999Z";"2025-11-05T18:57:00.000Z";"2025-11-05T01:46:00.000Z";"2787";104.978870162;109.5931503275;100.1414312366;107.9731877225;6881343562.198453;75270415891.92375;696849970.45;"2025-11-05T23:59:59.999Z"
"2025-11-04T00:00:00.000Z";"2025-11-04T23:59:59.999Z";"2025-11-04T04:13:00.000Z";"2025-11-04T21:40:00.000Z";"2787";108.5442020471;110.262846069;98.8593185107;104.9821102268;11554281534.329153;73064231145.97935;696849970.45;"2025-11-04T23:59:59.999Z"
"2025-11-03T00:00:00.000Z";"2025-11-03T23:59:59.999Z";"2025-11-03T00:13:00.000Z";"2025-11-03T15:34:00.000Z";"2787";125.2524536256;125.4657091997;107.1821986908;108.5443977765;9846345177.723633;75600784909.65761;696849970.45;"2025-11-03T23:59:59.999Z"
"2025-11-02T00:00:00.000Z";"2025-11-02T23:59:59.999Z";"2025-11-02T23:59:00.000Z";"2025-11-02T19:32:00.000Z";"2787";121.8618440684;125.2667317945;121.0481851728;125.2589557923;3730826087.0150714;87282168608.10236;696849970.45;"2025-11-02T23:59:59.999Z"
"2025-11-01T00:00:00.000Z";"2025-11-01T23:59:59.999Z";"2025-11-01T12:43:00.000Z";"2025-11-01T22:28:00.000Z";"2787";122.7050379676;123.8525044977;121.5357546288;121.8066573786;3123010840.766132;84919422438.41032;696849970.45;"2025-11-01T23:59:59.999Z"
"2025-10-31T00:00:00.000Z";"2025-10-31T23:59:59.999Z";"2025-10-31T15:14:00.000Z";"2025-10-31T00:10:00.000Z";"2787";119.494435182;123.9855121456;119.3266256515;122.7042959618;5725242360.79913;85422905499.90036;696849970.45;"2025-10-31T23:59:59.999Z"
"2025-10-30T00:00:00.000Z";"2025-10-30T23:59:59.999Z";"2025-10-30T07:48:00.000Z";"2025-10-30T19:49:00.000Z";"2787";128.5525347306;130.781320891;116.5109625577;119.4884460502;8376270344.821417;83130333061.85376;696849970.45;"2025-10-30T23:59:59.999Z"
"2025-10-29T00:00:00.000Z";"2025-10-29T23:59:59.999Z";"2025-10-29T21:41:00.000Z";"2025-10-29T18:43:00.000Z";"2787";126.6537992065;132.170616215;125.6053151086;128.5558686004;7067371506.943945;89591925888.95107;696849970.45;"2025-10-29T23:59:59.999Z"
"2025-10-28T00:00:00.000Z";"2025-10-28T23:59:59.999Z";"2025-10-28T13:28:00.000Z";"2025-10-28T21:11:00.000Z";"2787";129.5308392566;133.4195540603;124.65860147;126.6532020691;6179181586.659121;88397934948.16245;696849970.45;"2025-10-28T23:59:59.999Z"
"2025-10-27T00:00:00.000Z";"2025-10-27T23:59:59.999Z";"2025-10-27T07:07:00.000Z";"2025-10-27T23:26:00.000Z";"2787";132.0393267812;135.2636245553;128.9794947714;129.5310386164;6249421843.814081;90401348095.91223;696849970.45;"2025-10-27T23:59:59.999Z"
"2025-10-26T00:00:00.000Z";"2025-10-26T23:59:59.999Z";"2025-10-26T23:28:00.000Z";"2025-10-26T03:49:00.000Z";"2787";128.312612628;132.9011509429;126.1380552972;132.0357992162;4850524123.538528;89538326362.77643;678099970.45;"2025-10-26T23:59:59.999Z"
"2025-10-25T00:00:00.000Z";"2025-10-25T23:59:59.999Z";"2025-10-25T20:20:00.000Z";"2025-10-25T00:58:00.000Z";"2787";127.3196910744;129.781837289;126.8225741131;128.3088373148;2534565043.491009;87008778831.76483;678099970.45;"2025-10-25T23:59:59.999Z"
"2025-10-24T00:00:00.000Z";"2025-10-24T23:59:59.999Z";"2025-10-24T22:38:00.000Z";"2025-10-24T03:54:00.000Z";"2787";124.049680658;128.0789716927;123.3737111537;127.3196910744;4747786689.729996;86349420355.47604;678099970.45;"2025-10-24T23:59:59.999Z"
"2025-10-23T00:00:00.000Z";"2025-10-23T23:59:59.999Z";"2025-10-23T17:52:00.000Z";"2025-10-23T14:17:00.000Z";"2787";122.6271947611;126.533100844;122.0784304378;124.0494818669;4982707187.964372;84162962254.19974;678099970.45;"2025-10-23T23:59:59.999Z"
"2025-10-22T00:00:00.000Z";"2025-10-22T23:59:59.999Z";"2025-10-22T04:50:00.000Z";"2025-10-22T21:13:00.000Z";"2787";125.5554580441;127.0462560053;120.2146673944;122.6271947611;6733762614.781041;83105657484.07785;678099970.45;"2025-10-22T23:59:59.999Z"
"2025-10-21T00:00:00.000Z";"2025-10-21T23:59:59.999Z";"2025-10-21T00:44:00.000Z";"2025-10-21T23:50:00.000Z";"2787";132.8787050012;134.8565885334;125.1789811882;125.5566419146;9465304724.153868;85112901430.15009;678099970.45;"2025-10-21T23:59:59.999Z"
"2025-10-20T00:00:00.000Z";"2025-10-20T23:59:59.999Z";"2025-10-20T12:37:00.000Z";"2025-10-20T00:34:00.000Z";"2787";123.1271068524;136.646506825;120.897543926;132.8430981591;9388538854.836514;90169462376.22626;678099970.45;"2025-10-20T23:59:59.999Z"
"2025-10-19T00:00:00.000Z";"2025-10-19T23:59:59.999Z";"2025-10-19T17:13:00.000Z";"2025-10-19T09:32:00.000Z";"2787";119.8821897802;125.8413315289;117.9742182934;123.1227128173;4884601675.738572;83491901779.04266;678099970.45;"2025-10-19T23:59:59.999Z"
"2025-10-18T00:00:00.000Z";"2025-10-18T23:59:59.999Z";"2025-10-18T12:20:00.000Z";"2025-10-18T05:01:00.000Z";"2787";118.3896642671;120.9211716806;118.2244016525;119.8821897802;3169331936.896327;81292109347.78229;678099970.45;"2025-10-18T23:59:59.999Z"
"2025-10-17T00:00:00.000Z";"2025-10-17T23:59:59.999Z";"2025-10-17T01:11:00.000Z";"2025-10-17T10:25:00.000Z";"2787";124.0017027634;125.8594399148;112.3761370551;118.3891160325;9333555851.608738;80248878237.72644;678099970.45;"2025-10-17T23:59:59.999Z"
"2025-10-16T00:00:00.000Z";"2025-10-16T23:59:59.999Z";"2025-10-16T12:06:00.000Z";"2025-10-16T20:44:00.000Z";"2787";128.7321092997;132.3211107553;122.1406017854;123.9946791144;6863807131.090006;84113793579.12308;678099970.45;"2025-10-16T23:59:59.999Z"
"2025-10-15T00:00:00.000Z";"2025-10-15T23:59:59.999Z";"2025-10-15T02:31:00.000Z";"2025-10-15T20:37:00.000Z";"2787";136.4504332164;137.0830803934;127.1630635616;128.7325153652;6754703098.590989;87444175091.52185;678099970.45;"2025-10-15T23:59:59.999Z"
"2025-10-14T00:00:00.000Z";"2025-10-14T23:59:59.999Z";"2025-10-14T00:37:00.000Z";"2025-10-14T10:36:00.000Z";"2787";141.6783749122;142.8937952557;129.6591474438;136.450499936;9807387738.936304;92437605324.8549;678099970.45;"2025-10-14T23:59:59.999Z"
"2025-10-13T00:00:00.000Z";"2025-10-13T23:59:59.999Z";"2025-10-13T21:22:00.000Z";"2025-10-13T01:19:00.000Z";"2787";135.5196624574;144.0159558204;133.8577399538;141.6786926149;10119032818.692095;95839064256.51515;678099970.45;"2025-10-13T23:59:59.999Z"
"2025-10-12T00:00:00.000Z";"2025-10-12T23:59:59.999Z";"2025-10-12T20:06:00.000Z";"2025-10-12T02:55:00.000Z";"2787";122.6461665832;137.9691175131;119.4567978479;135.5206159434;9112124159.092659;92027623917.09537;678099970.45;"2025-10-12T23:59:59.999Z"
"2025-10-11T00:00:00.000Z";"2025-10-11T23:59:59.999Z";"2025-10-11T09:10:00.000Z";"2025-10-11T21:13:00.000Z";"2787";123.56090534;131.6544130263;118.8328129032;122.6460999945;14167302681.877748;83166361936.23895;678099970.45;"2025-10-11T23:59:59.999Z"
"2025-10-10T00:00:00.000Z";"2025-10-10T23:59:59.999Z";"2025-10-10T13:46:00.000Z";"2025-10-10T21:22:00.000Z";"2787";156.9139950806;162.0428751971;72.5272287469;123.6527094669;23964741014.896214;83827804612.69992;678099970.45;"2025-10-10T23:59:59.999Z"
"2025-10-09T00:00:00.000Z";"2025-10-09T23:59:59.999Z";"2025-10-09T00:24:00.000Z";"2025-10-09T14:47:00.000Z";"2787";161.0480000247;161.2878296253;152.3346552647;156.9075651729;6267785252.119037;106269037154.77411;678099970.45;"2025-10-09T23:59:59.999Z"
"2025-10-08T00:00:00.000Z";"2025-10-08T23:59:59.999Z";"2025-10-08T23:37:00.000Z";"2025-10-08T04:13:00.000Z";"2787";155.6050433595;161.2782105394;154.673549997;161.0480653412;5585454421.405238;109207411012.70476;678099970.45;"2025-10-08T23:59:59.999Z"
"2025-10-07T00:00:00.000Z";"2025-10-07T23:59:59.999Z";"2025-10-07T01:13:00.000Z";"2025-10-07T19:49:00.000Z";"2787";166.4139363954;168.5133550095;155.5427386914;155.6047416836;9366269726.87347;105515775304.37813;678099970.45;"2025-10-07T23:59:59.999Z"
"2025-10-06T00:00:00.000Z";"2025-10-06T23:59:59.999Z";"2025-10-06T20:28:00.000Z";"2025-10-06T01:04:00.000Z";"2787";156.646048062;167.8472527187;153.4508746606;166.4162571485;8504971674.169478;112844492849.71974;678099970.45;"2025-10-06T23:59:59.999Z"
"2025-10-05T00:00:00.000Z";"2025-10-05T23:59:59.999Z";"2025-10-05T08:29:00.000Z";"2025-10-05T20:04:00.000Z";"2787";156.8566909528;163.1151860198;156.1585634446;156.646048062;6149677873.443817;106221680562.44305;678099970.45;"2025-10-05T23:59:59.999Z"
"2025-10-04T00:00:00.000Z";"2025-10-04T23:59:59.999Z";"2025-10-04T00:13:00.000Z";"2025-10-04T10:55:00.000Z";"2787";160.3629866257;160.896064391;155.1891089605;156.8568718308;4476148901.482594;106364517500.37556;678099970.45;"2025-10-04T23:59:59.999Z"
"2025-10-03T00:00:00.000Z";"2025-10-03T23:59:59.999Z";"2025-10-03T16:46:00.000Z";"2025-10-03T14:22:00.000Z";"2787";162.1433207638;164.1678677382;157.644183058;160.3625235688;6871949626.677225;108742900184.88052;678099970.45;"2025-10-03T23:59:59.999Z"
"2025-10-02T00:00:00.000Z";"2025-10-02T23:59:59.999Z";"2025-10-02T19:18:00.000Z";"2025-10-02T15:07:00.000Z";"2787";160.7800924395;164.563496434;156.6357517104;162.143116633;6754615274.590298;109950153184.28746;678099970.45;"2025-10-02T23:59:59.999Z"
"2025-10-01T00:00:00.000Z";"2025-10-01T23:59:59.999Z";"2025-10-01T19:28:00.000Z";"2025-10-01T00:50:00.000Z";"2787";151.8531360455;161.1011001811;150.0942501002;160.7770386837;6014233403.406472;109023444596.92323;678099970.45;"2025-10-01T23:59:59.999Z"
"2025-09-30T00:00:00.000Z";"2025-09-30T23:59:59.999Z";"2025-09-30T00:52:00.000Z";"2025-09-30T15:28:00.000Z";"2787";154.8436674169;155.4625786502;149.6184382986;151.8545772134;5149152886.549226;102971607065.64554;678099970.45;"2025-09-30T23:59:59.999Z"
"2025-09-29T00:00:00.000Z";"2025-09-29T23:59:59.999Z";"2025-09-29T21:14:00.000Z";"2025-09-29T13:07:00.000Z";"2787";154.6679586166;155.8339005083;149.2871350678;154.8437433101;4762022253.354146;105210384910.24458;678099970.45;"2025-09-29T23:59:59.999Z"
"2025-09-28T00:00:00.000Z";"2025-09-28T23:59:59.999Z";"2025-09-28T23:04:00.000Z";"2025-09-28T12:45:00.000Z";"2787";149.2957319259;154.743419959;146.0020149005;154.6674075961;3188118010.450365;104879603073.45003;678099970.45;"2025-09-28T23:59:59.999Z"
"2025-09-27T00:00:00.000Z";"2025-09-27T23:59:59.999Z";"2025-09-27T04:32:00.000Z";"2025-09-27T17:28:00.000Z";"2787";150.4185909036;150.8892603023;148.1083569966;149.2955281045;2316081735.828487;101237431407.75908;678099970.45;"2025-09-27T23:59:59.999Z"
"2025-09-26T00:00:00.000Z";"2025-09-26T23:59:59.999Z";"2025-09-26T18:28:00.000Z";"2025-09-26T11:12:00.000Z";"2787";143.4722632891;151.4075260293;142.5464312686;150.4215605522;6051678904.155589;102013855018.59135;678099970.45;"2025-09-26T23:59:59.999Z"
"2025-09-25T00:00:00.000Z";"2025-09-25T23:59:59.999Z";"2025-09-25T00:16:00.000Z";"2025-09-25T18:13:00.000Z";"2787";154.2033108726;154.4627975462;142.0242904656;143.4698211557;8720416284.977175;97253084478.51912;678099970.45;"2025-09-25T23:59:59.999Z"
"2025-09-24T00:00:00.000Z";"2025-09-24T23:59:59.999Z";"2025-09-24T17:44:00.000Z";"2025-09-24T04:13:00.000Z";"2787";153.22439809;156.6523612935;150.2640712895;154.2028393222;5773291890.515853;104272040332.40407;678099970.45;"2025-09-24T23:59:59.999Z"
"2025-09-23T00:00:00.000Z";"2025-09-23T23:59:59.999Z";"2025-09-23T14:13:00.000Z";"2025-09-23T03:13:00.000Z";"2787";154.1056236497;156.3620897716;150.9581702117;153.2309835579;5522767014.784224;103937982082.02965;678099970.45;"2025-09-23T23:59:59.999Z"
"2025-09-22T00:00:00.000Z";"2025-09-22T23:59:59.999Z";"2025-09-22T00:10:00.000Z";"2025-09-22T06:10:00.000Z";"2787";163.6394862299;163.8920508529;148.2521972453;154.1060421615;10645653825.840954;104512237829.13968;678099970.45;"2025-09-22T23:59:59.999Z"
"2025-09-21T00:00:00.000Z";"2025-09-21T23:59:59.999Z";"2025-09-21T06:16:00.000Z";"2025-09-21T17:34:00.000Z";"2787";166.1117967638;167.1151387428;163.2334541452;163.6392298119;3095649626.6566634;110963930777.41539;678099970.45;"2025-09-21T23:59:59.999Z"
"2025-09-20T00:00:00.000Z";"2025-09-20T23:59:59.999Z";"2025-09-20T01:01:00.000Z";"2025-09-20T14:14:00.000Z";"2787";167.1951194077;168.3147207096;164.5859408419;166.1123567878;3567081778.8398952;112640404477.40665;678099970.45;"2025-09-20T23:59:59.999Z"
"2025-09-19T00:00:00.000Z";"2025-09-19T23:59:59.999Z";"2025-09-19T01:34:00.000Z";"2025-09-19T18:13:00.000Z";"2787";175.2542366191;176.7559963911;166.0591998185;167.1924760096;7588165228.974392;113325612293.23788;678099970.45;"2025-09-19T23:59:59.999Z"
"2025-09-18T00:00:00.000Z";"2025-09-18T23:59:59.999Z";"2025-09-18T22:46:00.000Z";"2025-09-18T06:32:00.000Z";"2787";170.4003276187;175.8844848805;168.5960798891;175.2538074165;6814397352.966842;118692857023.89961;678099970.45;"2025-09-18T23:59:59.999Z"
"2025-09-17T00:00:00.000Z";"2025-09-17T23:59:59.999Z";"2025-09-17T23:07:00.000Z";"2025-09-17T12:43:00.000Z";"2787";167.1466400532;172.1261323566;162.4425331936;170.3993932609;8325302032.295149;115721689533.05547;678099970.45;"2025-09-17T23:59:59.999Z"
"2025-09-16T00:00:00.000Z";"2025-09-16T23:59:59.999Z";"2025-09-16T09:55:00.000Z";"2025-09-16T14:23:00.000Z";"2787";167.8993158976;168.9218918997;164.7778678286;167.1489916886;4859052505.769142;113414985547.32423;678099970.45;"2025-09-16T23:59:59.999Z"
"2025-09-15T00:00:00.000Z";"2025-09-15T23:59:59.999Z";"2025-09-15T06:01:00.000Z";"2025-09-15T17:28:00.000Z";"2787";171.9274747551;173.9964430664;163.8879026393;167.9010712123;6418111384.77621;113944913174.24045;678099970.45;"2025-09-15T23:59:59.999Z"
"2025-09-14T00:00:00.000Z";"2025-09-14T23:59:59.999Z";"2025-09-14T02:16:00.000Z";"2025-09-14T14:52:00.000Z";"2787";177.242253665;178.1052926726;170.2424515973;171.9286502339;5010762428.455718;116584015551.49522;678099970.45;"2025-09-14T23:59:59.999Z"
"2025-09-13T00:00:00.000Z";"2025-09-13T23:59:59.999Z";"2025-09-13T09:29:00.000Z";"2025-09-13T17:16:00.000Z";"2787";179.0853922535;182.2351433467;174.5628950757;177.2425669641;7226357666.43588;120187966973.24898;678099970.45;"2025-09-13T23:59:59.999Z"
"2025-09-12T00:00:00.000Z";"2025-09-12T23:59:59.999Z";"2025-09-12T22:37:00.000Z";"2025-09-12T12:17:00.000Z";"2787";174.1703784261;180.2065069878;172.435519608;179.0881021101;8143236822.462214;121334390172.11407;678099970.45;"2025-09-12T23:59:59.999Z"
"2025-09-11T00:00:00.000Z";"2025-09-11T23:59:59.999Z";"2025-09-11T23:49:00.000Z";"2025-09-11T00:37:00.000Z";"2787";167.7559198955;174.3528395524;167.1285227951;174.1717349431;7493031194.728092;118149175880.87701;678099970.45;"2025-09-11T23:59:59.999Z"
"2025-09-10T00:00:00.000Z";"2025-09-10T23:59:59.999Z";"2025-09-10T13:51:00.000Z";"2025-09-10T01:04:00.000Z";"2787";164.1902826181;170.1137337889;163.1409831066;167.7562295172;5796867276.350352;113758479114.28246;678099970.45;"2025-09-10T23:59:59.999Z"
"2025-09-09T00:00:00.000Z";"2025-09-09T23:59:59.999Z";"2025-09-09T09:22:00.000Z";"2025-09-09T15:54:00.000Z";"2787";164.3506186284;169.4545511558;162.8214867927;164.1898671972;7582501849.850753;111468751267.84709;678099970.45;"2025-09-09T23:59:59.999Z"
"2025-09-08T00:00:00.000Z";"2025-09-08T23:59:59.999Z";"2025-09-08T16:09:00.000Z";"2025-09-08T02:22:00.000Z";"2787";160.1962872658;165.9133954922;158.7830172642;164.3503662426;6810468997.793738;111460217369.57915;678099970.45;"2025-09-08T23:59:59.999Z"
"2025-09-07T00:00:00.000Z";"2025-09-07T23:59:59.999Z";"2025-09-07T23:28:00.000Z";"2025-09-07T18:44:00.000Z";"2787";158.3867658967;160.9783891829;157.9209061172;160.1952876209;3442152539.4816065;108660326927.65651;678099970.45;"2025-09-07T23:59:59.999Z"
"2025-09-06T00:00:00.000Z";"2025-09-06T23:59:59.999Z";"2025-09-06T02:04:00.000Z";"2025-09-06T20:04:00.000Z";"2787";159.2076681791;160.4275910619;156.1922104062;158.3867658967;3976587009.173037;107541338010.92574;678099970.45;"2025-09-06T23:59:59.999Z"
"2025-09-05T00:00:00.000Z";"2025-09-05T23:59:59.999Z";"2025-09-05T13:04:00.000Z";"2025-09-05T17:52:00.000Z";"2787";159.380835666;165.3100393451;157.5783267617;159.001478403;9462001439.70047;107787910370.01013;678099970.45;"2025-09-05T23:59:59.999Z"
"2025-09-04T00:00:00.000Z";"2025-09-04T23:59:59.999Z";"2025-09-04T02:02:00.000Z";"2025-09-04T19:55:00.000Z";"2787";168.9458964544;170.71039351;158.7198295255;159.5930150896;6462150292.283746;108076139955.8867;678099970.45;"2025-09-04T23:59:59.999Z"
"2025-09-03T00:00:00.000Z";"2025-09-03T23:59:59.999Z";"2025-09-03T16:09:00.000Z";"2025-09-03T01:41:00.000Z";"2787";167.6426432496;170.3549420538;165.6424455268;168.9458964544;5939667452.036697;114701980098.84494;678099970.45;"2025-09-03T23:59:59.999Z"
"2025-09-02T00:00:00.000Z";"2025-09-02T23:59:59.999Z";"2025-09-02T23:18:00.000Z";"2025-09-02T00:47:00.000Z";"2787";160.3246142506;168.2911711786;159.533401271;167.4775423682;8493677981.735108;113539945949.06926;678099970.45;"2025-09-02T23:59:59.999Z"
"2025-09-01T00:00:00.000Z";"2025-09-01T23:59:59.999Z";"2025-09-01T08:56:00.000Z";"2025-09-01T21:47:00.000Z";"2787";165.601904318;169.9389537173;158.1526340992;160.3103362962;9529171762.837183;108716116186.1999;678099970.45;"2025-09-01T23:59:59.999Z"
"2025-08-31T00:00:00.000Z";"2025-08-31T23:59:59.999Z";"2025-08-31T13:25:00.000Z";"2025-08-31T23:59:00.000Z";"2787";167.5586785735;171.2258095138;165.6016185838;165.6059402292;6320867869.470642;112294646424.95238;678099970.45;"2025-08-31T23:59:59.999Z"
"2025-08-30T00:00:00.000Z";"2025-08-30T23:59:59.999Z";"2025-08-30T00:26:00.000Z";"2025-08-30T02:02:00.000Z";"2787";167.1020765524;167.6117397858;163.2713306874;167.5581581551;4979884574.156505;113621534989.8287;678099970.45;"2025-08-30T23:59:59.999Z"
"2025-08-29T00:00:00.000Z";"2025-08-29T23:59:59.999Z";"2025-08-29T00:14:00.000Z";"2025-08-29T19:07:00.000Z";"2787";179.5534897985;179.6377666457;165.1109653843;167.1007235715;13363372768.905369;113310324123.71158;678099970.45;"2025-08-29T23:59:59.999Z"
"2025-08-28T00:00:00.000Z";"2025-08-28T23:59:59.999Z";"2025-08-28T14:08:00.000Z";"2025-08-28T00:38:00.000Z";"2787";169.9755895271;184.6605560667;168.8351058932;179.5408662708;18457995457.21483;122153058770.2332;678099970.45;"2025-08-28T23:59:59.999Z"
"2025-08-27T00:00:00.000Z";"2025-08-27T23:59:59.999Z";"2025-08-27T04:11:00.000Z";"2025-08-27T22:08:00.000Z";"2787";174.5292467637;176.1882120208;169.1550250621;169.9634996803;10772845628.77646;115242719774.97401;678099970.45;"2025-08-27T23:59:59.999Z"
"2025-08-26T00:00:00.000Z";"2025-08-26T23:59:59.999Z";"2025-08-26T23:15:00.000Z";"2025-08-26T07:28:00.000Z";"2787";167.3102999504;176.8019321929;164.0565057802;174.5296410564;12228126952.40568;118325113379.47278;678099970.45;"2025-08-26T23:59:59.999Z"
"2025-08-25T00:00:00.000Z";"2025-08-25T23:59:59.999Z";"2025-08-25T02:08:00.000Z";"2025-08-25T21:15:00.000Z";"2787";185.0298095207;189.0539046416;165.7182915512;167.3144635903;15383438214.457792;113675310179.64272;678099970.45;"2025-08-25T23:59:59.999Z"
"2025-08-24T00:00:00.000Z";"2025-08-24T23:59:59.999Z";"2025-08-24T19:13:00.000Z";"2025-08-24T10:32:00.000Z";"2787";188.4054885871;190.372121122;181.4010444924;185.029797421;12064666993.57153;125545099316.6647;678099970.45;"2025-08-24T23:59:59.999Z"
"2025-08-23T00:00:00.000Z";"2025-08-23T23:59:59.999Z";"2025-08-23T00:02:00.000Z";"2025-08-23T12:05:00.000Z";"2787";191.6544585445;191.8476633649;183.1317198506;188.3003873703;10675557044.161562;127683468830.50456;678099970.45;"2025-08-23T23:59:59.999Z"
"2025-08-22T00:00:00.000Z";"2025-08-22T23:59:59.999Z";"2025-08-22T16:35:00.000Z";"2025-08-22T12:34:00.000Z";"2787";177.9715318576;198.7425478412;173.5236572468;191.6572741465;24371391970.038044;130229303216.16664;678099970.45;"2025-08-22T23:59:59.999Z"
"2025-08-21T00:00:00.000Z";"2025-08-21T23:59:59.999Z";"2025-08-21T00:05:00.000Z";"2025-08-21T23:47:00.000Z";"2787";189.2223806161;190.2629368015;177.0866801201;177.970254737;14572402299.752438;120610220497.7118;678099970.45;"2025-08-21T23:59:59.999Z"
"2025-08-20T00:00:00.000Z";"2025-08-20T23:59:59.999Z";"2025-08-20T23:13:00.000Z";"2025-08-20T00:29:00.000Z";"2787";168.9193390978;192.7288211541;168.1164716336;189.2202489475;21373561674.90839;128422547771.56842;678099970.45;"2025-08-20T23:59:59.999Z"
"2025-08-19T00:00:00.000Z";"2025-08-19T23:59:59.999Z";"2025-08-19T00:01:00.000Z";"2025-08-19T23:58:00.000Z";"2787";185.0792069642;185.2334770226;168.7539032302;168.9181376786;17047948395.089773;114584068601.85834;678099970.45;"2025-08-19T23:59:59.999Z"
"2025-08-18T00:00:00.000Z";"2025-08-18T23:59:59.999Z";"2025-08-18T22:30:00.000Z";"2025-08-18T06:48:00.000Z";"2787";184.4934571629;191.6695309927;175.3334677493;185.0789992423;24134182861.785572;125453295787.93304;678099970.45;"2025-08-18T23:59:59.999Z"
"2025-08-17T00:00:00.000Z";"2025-08-17T23:59:59.999Z";"2025-08-17T16:03:00.000Z";"2025-08-17T02:18:00.000Z";"2787";162.6915632745;188.3483951174;160.9177802703;184.4997120256;17591956972.84258;125105007850.94432;678099970.45;"2025-08-17T23:59:59.999Z"
"2025-08-16T00:00:00.000Z";"2025-08-16T23:59:59.999Z";"2025-08-16T20:20:00.000Z";"2025-08-16T12:28:00.000Z";"2787";156.2308462401;164.8320788066;153.9853568202;162.725868458;7090180507.7941475;110321144249.40277;678099970.45;"2025-08-16T23:59:59.999Z"
"2025-08-15T00:00:00.000Z";"2025-08-15T23:59:59.999Z";"2025-08-15T06:07:00.000Z";"2025-08-15T16:19:00.000Z";"2787";161.4120007479;165.3289559157;153.9505329906;156.2322553622;8334339568.230415;105912843648.41528;678099970.45;"2025-08-15T23:59:59.999Z"
"2025-08-14T00:00:00.000Z";"2025-08-14T23:59:59.999Z";"2025-08-14T03:56:00.000Z";"2025-08-14T21:38:00.000Z";"2787";172.2199900328;174.1081367506;157.3770383484;161.3490405519;14446855773.750738;109374967957.55054;678099970.45;"2025-08-14T23:59:59.999Z"
"2025-08-13T00:00:00.000Z";"2025-08-13T23:59:59.999Z";"2025-08-13T04:04:00.000Z";"2025-08-13T07:16:00.000Z";"2787";168.9766548986;177.0111103758;167.0611954869;172.2080608904;15533136743.939367;116920716676.9029;678099970.45;"2025-08-13T23:59:59.999Z"
"2025-08-12T00:00:00.000Z";"2025-08-12T23:59:59.999Z";"2025-08-12T15:59:00.000Z";"2025-08-12T10:18:00.000Z";"2787";151.8260343939;173.0424059342;151.4064452508;168.9766548986;15158533175.826647;114666008056.16434;678099970.45;"2025-08-12T23:59:59.999Z"
"2025-08-11T00:00:00.000Z";"2025-08-11T23:59:59.999Z";"2025-08-11T04:40:00.000Z";"2025-08-11T22:26:00.000Z";"2787";158.788219181;161.9075421453;150.0482831855;151.8257731143;9283159291.271;102887351285.03975;678099970.45;"2025-08-11T23:59:59.999Z"
"2025-08-10T00:00:00.000Z";"2025-08-10T23:59:59.999Z";"2025-08-10T07:11:00.000Z";"2025-08-10T14:04:00.000Z";"2787";157.5499974065;162.4420113943;152.4633404447;158.7887063209;11938038770.34133;107672787969.76437;678099970.45;"2025-08-10T23:59:59.999Z"
"2025-08-09T00:00:00.000Z";"2025-08-09T23:59:59.999Z";"2025-08-09T23:55:00.000Z";"2025-08-09T00:13:00.000Z";"2787";142.9254258262;157.6407473527;142.2773175591;157.5499281265;10613527634.803429;106834648586.2698;678099970.45;"2025-08-09T23:59:59.999Z"
"2025-08-08T00:00:00.000Z";"2025-08-08T23:59:59.999Z";"2025-08-08T23:31:00.000Z";"2025-08-08T01:07:00.000Z";"2787";132.6418038672;143.3757534376;130.2510189687;142.9280401239;10192828772.752804;96882651503.25383;678099970.45;"2025-08-08T23:59:59.999Z"
"2025-08-07T00:00:00.000Z";"2025-08-07T23:59:59.999Z";"2025-08-07T23:01:00.000Z";"2025-08-07T03:33:00.000Z";"2787";119.8509886284;132.7405323623;119.2058655466;132.6418492967;6423997600.186275;89958180188.29147;678099970.45;"2025-08-07T23:59:59.999Z"
"2025-08-06T00:00:00.000Z";"2025-08-06T23:59:59.999Z";"2025-08-06T18:20:00.000Z";"2025-08-06T04:19:00.000Z";"2787";117.7122263921;121.271578796;115.4565645778;119.8510634458;2578714422.9600663;81287924312.77446;678099970.45;"2025-08-06T23:59:59.999Z"
"2025-08-05T00:00:00.000Z";"2025-08-05T23:59:59.999Z";"2025-08-05T00:03:00.000Z";"2025-08-05T22:07:00.000Z";"2787";122.777881034;122.8263117341;115.7264728101;117.7105224092;3995756456.318094;79760659249.9889;678099970.45;"2025-08-05T23:59:59.999Z"
"2025-08-04T00:00:00.000Z";"2025-08-04T23:59:59.999Z";"2025-08-04T17:16:00.000Z";"2025-08-04T00:11:00.000Z";"2787";117.5523236688;123.3389909605;117.455060498;122.7781681598;3509709826.6775484;83639557998.63637;678099970.45;"2025-08-04T23:59:59.999Z"
"2025-08-03T00:00:00.000Z";"2025-08-03T23:59:59.999Z";"2025-08-03T23:22:00.000Z";"2025-08-03T00:39:00.000Z";"2787";112.8768680456;117.9736518784;111.9343551268;117.5520194033;2281801981.192061;79712227206.49928;678099970.45;"2025-08-03T23:59:59.999Z"
"2025-08-02T00:00:00.000Z";"2025-08-02T23:59:59.999Z";"2025-08-02T04:47:00.000Z";"2025-08-02T18:59:00.000Z";"2787";116.1250780678;117.0958061813;111.5249397398;112.8768680456;3575468969.586146;76544968883.70407;678099970.45;"2025-08-02T23:59:59.999Z"
"2025-08-01T00:00:00.000Z";"2025-08-01T23:59:59.999Z";"2025-08-01T03:28:00.000Z";"2025-08-01T22:44:00.000Z";"2787";122.0781087591;122.6534194962;113.6485091266;116.1210398451;7466253424.540027;78617229398.5524;678099970.45;"2025-08-01T23:59:59.999Z"
"2025-07-31T00:00:00.000Z";"2025-07-31T23:59:59.999Z";"2025-07-31T09:59:00.000Z";"2025-07-31T23:43:00.000Z";"2787";127.1403292064;131.0611609882;121.6205130448;122.0868476439;4349065346.57364;82510415480.30878;678099970.45;"2025-07-31T23:59:59.999Z"
"2025-07-30T00:00:00.000Z";"2025-07-30T23:59:59.999Z";"2025-07-30T01:52:00.000Z";"2025-07-30T19:13:00.000Z";"2787";127.9087212553;128.5476081577;121.1860367005;127.1401160312;4427933337.448613;86213853478.28644;678099970.45;"2025-07-30T23:59:59.999Z"
"2025-07-29T00:00:00.000Z";"2025-07-29T23:59:59.999Z";"2025-07-29T08:04:00.000Z";"2025-07-29T16:41:00.000Z";"2787";129.4698245466;133.5539022532;125.6713918293;127.9087212553;4769104657.116046;86746985391.4458;678099970.45;"2025-07-29T23:59:59.999Z"
"2025-07-28T00:00:00.000Z";"2025-07-28T23:59:59.999Z";"2025-07-28T05:32:00.000Z";"2025-07-28T22:45:00.000Z";"2787";137.879948275;140.0934125972;129.3827852024;129.4684127786;4842328822.406484;87676065811.41074;678099970.45;"2025-07-28T23:59:59.999Z"
"2025-07-27T00:00:00.000Z";"2025-07-27T23:59:59.999Z";"2025-07-27T22:52:00.000Z";"2025-07-27T00:12:00.000Z";"2787";131.9432916466;137.9485614589;131.7399964415;137.8790592556;4233568282.378349;93496388851.33896;678099970.45;"2025-07-27T23:59:59.999Z"
"2025-07-26T00:00:00.000Z";"2025-07-26T23:59:59.999Z";"2025-07-26T19:59:00.000Z";"2025-07-26T12:13:00.000Z";"2787";131.1146419908;133.1221488386;130.4138618414;131.9432636998;3261796720.2833815;89470742167.05113;678099970.45;"2025-07-26T23:59:59.999Z"
"2025-07-25T00:00:00.000Z";"2025-07-25T23:59:59.999Z";"2025-07-25T12:17:00.000Z";"2025-07-25T03:41:00.000Z";"2787";128.1132247561;132.0262201271;124.1436070993;131.1155461007;5583220947.586364;88731471142.05293;678099970.45;"2025-07-25T23:59:59.999Z"
"2025-07-24T00:00:00.000Z";"2025-07-24T23:59:59.999Z";"2025-07-24T15:19:00.000Z";"2025-07-24T07:08:00.000Z";"2787";130.2025133635;133.4481984606;123.1684796017;128.1132247561;5734382520.731753;86946434062.00352;678099970.45;"2025-07-24T23:59:59.999Z"
"2025-07-23T00:00:00.000Z";"2025-07-23T23:59:59.999Z";"2025-07-23T00:28:00.000Z";"2025-07-23T21:28:00.000Z";"2787";141.0790922357;141.2804045264;126.0212337614;130.2052020848;6631737234.053064;88472820009.77837;678099970.45;"2025-07-23T23:59:59.999Z"
"2025-07-22T00:00:00.000Z";"2025-07-22T23:59:59.999Z";"2025-07-22T02:25:00.000Z";"2025-07-22T08:29:00.000Z";"2787";140.1637997793;142.9451065629;133.9936441744;141.0788910731;7787658544.775985;95681728565.61694;678099970.45;"2025-07-22T23:59:59.999Z"
"2025-07-21T00:00:00.000Z";"2025-07-21T23:59:59.999Z";"2025-07-21T11:34:00.000Z";"2025-07-21T00:38:00.000Z";"2787";138.5723578148;145.2214797985;136.6972091134;140.1637997793;7638584608.549665;95071558195.89015;678099970.45;"2025-07-21T23:59:59.999Z"
"2025-07-20T00:00:00.000Z";"2025-07-20T23:59:59.999Z";"2025-07-20T15:46:00.000Z";"2025-07-20T00:17:00.000Z";"2787";132.1934963031;142.049034092;131.6833059944;138.5723578148;8278028333.597035;93965257198.75417;678099970.45;"2025-07-20T23:59:59.999Z"
"2025-07-19T00:00:00.000Z";"2025-07-19T23:59:59.999Z";"2025-07-19T20:26:00.000Z";"2025-07-19T01:09:00.000Z";"2787";128.0727059227;133.0728223158;126.3173604862;132.1935710443;4515223596.340543;89640405937.24905;678099970.45;"2025-07-19T23:59:59.999Z"
"2025-07-18T00:00:00.000Z";"2025-07-18T23:59:59.999Z";"2025-07-18T06:01:00.000Z";"2025-07-18T20:36:00.000Z";"2787";129.2881068081;137.0268506194;124.7708274583;128.0762054088;10385905397.72455;86915667416.97417;678099970.45;"2025-07-18T23:59:59.999Z"
"2025-07-17T00:00:00.000Z";"2025-07-17T23:59:59.999Z";"2025-07-17T23:49:00.000Z";"2025-07-17T03:34:00.000Z";"2787";119.7038628213;129.6992741423;117.3947618233;129.2921405214;7017952156.055027;87612902353.60947;678099970.45;"2025-07-17T23:59:59.999Z"
"2025-07-16T00:00:00.000Z";"2025-07-16T23:59:59.999Z";"2025-07-16T18:43:00.000Z";"2025-07-16T04:16:00.000Z";"2787";115.4354301262;122.0250146962;113.7284592937;119.7068091471;6484469939.953029;81103345319.21042;678099970.45;"2025-07-16T23:59:59.999Z"
"2025-07-15T00:00:00.000Z";"2025-07-15T23:59:59.999Z";"2025-07-15T18:05:00.000Z";"2025-07-15T04:11:00.000Z";"2787";113.094389132;115.9146472336;108.8790673569;115.4300791323;5297453264.517066;78222198282.40305;678099970.45;"2025-07-15T23:59:59.999Z"
"2025-07-14T00:00:00.000Z";"2025-07-14T23:59:59.999Z";"2025-07-14T13:10:00.000Z";"2025-07-14T20:19:00.000Z";"2787";112.1366026416;117.7005497466;112.0642675491;113.0940747461;5351633494.785321;76679756207.70018;678099970.45;"2025-07-14T23:59:59.999Z"
"2025-07-13T00:00:00.000Z";"2025-07-13T23:59:59.999Z";"2025-07-13T15:23:00.000Z";"2025-07-13T00:14:00.000Z";"2787";108.2351325216;114.1568868731;107.9823153928;112.1599499229;3285242559.3767033;76055128250.91139;678099970.45;"2025-07-13T23:59:59.999Z"
"2025-07-12T00:00:00.000Z";"2025-07-12T23:59:59.999Z";"2025-07-12T03:29:00.000Z";"2025-07-12T15:46:00.000Z";"2787";109.6675766194;110.8745715037;105.6070782249;108.2351325216;2684237525.4484115;73394240164.87473;678099970.45;"2025-07-12T23:59:59.999Z"
"2025-07-11T00:00:00.000Z";"2025-07-11T23:59:59.999Z";"2025-07-11T15:40:00.000Z";"2025-07-11T00:29:00.000Z";"2787";109.3441858575;113.5135941863;108.0872240839;109.6741988518;5762462811.201363;74435604063.89317;678099970.45;"2025-07-11T23:59:59.999Z"
"2025-07-10T00:00:00.000Z";"2025-07-10T23:59:59.999Z";"2025-07-10T23:16:00.000Z";"2025-07-10T01:02:00.000Z";"2787";102.3459585151;109.9359016978;101.6888920798;109.3445466869;4184789689.4569;74197440249.56236;678099970.45;"2025-07-10T23:59:59.999Z"
"2025-07-09T00:00:00.000Z";"2025-07-09T23:59:59.999Z";"2025-07-09T22:16:00.000Z";"2025-07-09T04:28:00.000Z";"2787";100.206627558;103.071821682;99.2733209058;102.3459585151;3597385309.681717;69340865271.63663;678099970.45;"2025-07-09T23:59:59.999Z"
"2025-07-08T00:00:00.000Z";"2025-07-08T23:59:59.999Z";"2025-07-08T23:44:00.000Z";"2025-07-08T02:52:00.000Z";"2787";96.3487724508;100.2942524767;94.7183978707;100.206627558;2308746886.6406407;67958162091.22509;678099970.45;"2025-07-08T23:59:59.999Z"
"2025-07-07T00:00:00.000Z";"2025-07-07T23:59:59.999Z";"2025-07-07T07:04:00.000Z";"2025-07-07T21:31:00.000Z";"2787";96.6829138882;98.1515407575;95.180526189;96.3489596221;2134219158.7027855;65242143843.81461;678099970.45;"2025-07-07T23:59:59.999Z"
"2025-07-06T00:00:00.000Z";"2025-07-06T23:59:59.999Z";"2025-07-06T22:20:00.000Z";"2025-07-06T08:31:00.000Z";"2787";94.7936252488;98.0180999137;93.9752855853;96.6895011857;1588867638.9035318;65565242242.58757;678099970.45;"2025-07-06T23:59:59.999Z"
"2025-07-05T00:00:00.000Z";"2025-07-05T23:59:59.999Z";"2025-07-05T23:04:00.000Z";"2025-07-05T19:17:00.000Z";"2787";94.3648703682;95.0116682216;93.2715409562;94.793616417;1098515837.9302833;64279554480.404205;678099970.45;"2025-07-05T23:59:59.999Z"
"2025-07-04T00:00:00.000Z";"2025-07-04T23:59:59.999Z";"2025-07-04T01:35:00.000Z";"2025-07-04T16:34:00.000Z";"2787";97.9402591856;98.6228793788;92.9218166273;94.3652759512;2271323703.205534;63989708845.936935;678099970.45;"2025-07-04T23:59:59.999Z"
"2025-07-03T00:00:00.000Z";"2025-07-03T23:59:59.999Z";"2025-07-03T14:04:00.000Z";"2025-07-03T02:44:00.000Z";"2787";97.1572964252;100.5178397952;96.3542141665;97.9402591856;3117439172.6895256;66413286859.94286;678099970.45;"2025-07-03T23:59:59.999Z"
"2025-07-02T00:00:00.000Z";"2025-07-02T23:59:59.999Z";"2025-07-02T20:32:00.000Z";"2025-07-02T01:19:00.000Z";"2787";92.4032066658;99.1583630749;91.540839238;97.1573710648;3149282869.3800616;65880980658.38277;678099970.45;"2025-07-02T23:59:59.999Z"
"2025-07-01T00:00:00.000Z";"2025-07-01T23:59:59.999Z";"2025-07-01T00:19:00.000Z";"2025-07-01T20:16:00.000Z";"2787";95.8575653453;96.1431783458;91.8019513119;92.4032724021;1973700380.4534895;62648555200.59085;678099970.45;"2025-07-01T23:59:59.999Z"
"2025-06-30T00:00:00.000Z";"2025-06-30T23:59:59.999Z";"2025-06-30T00:31:00.000Z";"2025-06-30T12:52:00.000Z";"2787";98.4455770275;98.5523833868;94.2462979336;95.8609236754;2654162157.9944363;65077226756.783966;678099970.45;"2025-06-30T23:59:59.999Z"
"2025-06-29T00:00:00.000Z";"2025-06-29T23:59:59.999Z";"2025-06-29T23:07:00.000Z";"2025-06-29T16:49:00.000Z";"2787";96.080696175;99.2504547165;95.0925946831;98.4455770275;1684559247.3136847;66738614901.58668;678099970.45;"2025-06-29T23:59:59.999Z"
"2025-06-28T00:00:00.000Z";"2025-06-28T23:59:59.999Z";"2025-06-28T23:06:00.000Z";"2025-06-28T01:40:00.000Z";"2787";93.6732144617;96.392497025;93.364996157;96.1055700571;1368185245.9420938;65169233344.08667;678099970.45;"2025-06-28T23:59:59.999Z"
"2025-06-27T00:00:00.000Z";"2025-06-27T23:59:59.999Z";"2025-06-27T05:16:00.000Z";"2025-06-27T18:58:00.000Z";"2787";92.6793146274;94.7028634681;91.4920283274;93.6751003839;1879133554.5772562;63478623465.413376;678099970.45;"2025-06-27T23:59:59.999Z"
"2025-06-26T00:00:00.000Z";"2025-06-26T23:59:59.999Z";"2025-06-26T03:07:00.000Z";"2025-06-26T22:40:00.000Z";"2787";94.2801957384;96.9071079938;92.5149594874;92.6793620761;2220789545.467502;62923873390.735634;678099970.45;"2025-06-26T23:59:59.999Z"
"2025-06-25T00:00:00.000Z";"2025-06-25T23:59:59.999Z";"2025-06-25T02:16:00.000Z";"2025-06-25T16:52:00.000Z";"2787";96.1652589432;96.7399356294;93.4073395886;94.2801957384;2724308573.1133;63885966498.57911;678099970.45;"2025-06-25T23:59:59.999Z"
"2025-06-24T00:00:00.000Z";"2025-06-24T23:59:59.999Z";"2025-06-24T17:02:00.000Z";"2025-06-24T00:52:00.000Z";"2787";92.431906774;98.4116289134;91.9849275075;96.1610647318;4097106016.61687;65281036940.02529;678099970.45;"2025-06-24T23:59:59.999Z"
"2025-06-23T00:00:00.000Z";"2025-06-23T23:59:59.999Z";"2025-06-23T22:33:00.000Z";"2025-06-23T16:38:00.000Z";"2787";83.6643467395;92.7318501817;82.266198298;92.4311323262;3909859553.7109227;62681565310.25315;678099970.45;"2025-06-23T23:59:59.999Z"
"2025-06-22T00:00:00.000Z";"2025-06-22T23:59:59.999Z";"2025-06-22T00:49:00.000Z";"2025-06-22T20:20:00.000Z";"2787";86.0614952146;87.3508755598;79.038044307;83.6634809567;4499279221.69061;56732791052.04647;678099970.45;"2025-06-22T23:59:59.999Z"
"2025-06-21T00:00:00.000Z";"2025-06-21T23:59:59.999Z";"2025-06-21T09:01:00.000Z";"2025-06-21T23:49:00.000Z";"2787";89.8269777594;91.3752454392;84.5521200361;86.0528143905;2312281024.4258122;58341600479.40438;678099970.45;"2025-06-21T23:59:59.999Z"
"2025-06-20T00:00:00.000Z";"2025-06-20T23:59:59.999Z";"2025-06-20T08:26:00.000Z";"2025-06-20T17:40:00.000Z";"2787";93.9890608469;95.3315187363;88.5064760176;89.8526854964;2573915903.546638;61002083545.535324;678099970.45;"2025-06-20T23:59:59.999Z"
"2025-06-19T00:00:00.000Z";"2025-06-19T23:59:59.999Z";"2025-06-19T10:04:00.000Z";"2025-06-19T17:01:00.000Z";"2787";94.2082739918;96.0393430019;92.9736266709;93.9888608526;2090729693.8351977;61767941481.87393;657099970.45;"2025-06-19T23:59:59.999Z"
"2025-06-18T00:00:00.000Z";"2025-06-18T23:59:59.999Z";"2025-06-18T05:36:00.000Z";"2025-06-18T13:29:00.000Z";"2787";93.4615611477;94.9486127604;90.9850737263;94.2089425754;2566017916.4671135;61866367902.167725;657099970.45;"2025-06-18T23:59:59.999Z"
"2025-06-17T00:00:00.000Z";"2025-06-17T23:59:59.999Z";"2025-06-17T03:14:00.000Z";"2025-06-17T17:03:00.000Z";"2787";97.4643751552;98.8527561208;92.2416411446;93.4549685106;3351167085.5857797;61369142212.30491;657099970.45;"2025-06-17T23:59:59.999Z"
"2025-06-16T00:00:00.000Z";"2025-06-16T23:59:59.999Z";"2025-06-16T20:51:00.000Z";"2025-06-16T01:34:00.000Z";"2787";95.4930910181;101.5536899962;94.7556980407;97.4643073417;2664516704.798714;64059894040.18606;657099970.45;"2025-06-16T23:59:59.999Z"
"2025-06-15T00:00:00.000Z";"2025-06-15T23:59:59.999Z";"2025-06-15T06:02:00.000Z";"2025-06-15T20:43:00.000Z";"2787";94.5573992926;95.6187684716;93.4682245866;95.4930910181;1407277088.0721924;62748507286.50582;657099970.45;"2025-06-15T23:59:59.999Z"
"2025-06-14T00:00:00.000Z";"2025-06-14T23:59:59.999Z";"2025-06-14T00:01:00.000Z";"2025-06-14T16:56:00.000Z";"2787";96.4964404765;96.5475123382;92.4387420584;94.5573057962;1627086525.0288138;62133664281.29178;657099970.45;"2025-06-14T23:59:59.999Z"
"2025-06-13T00:00:00.000Z";"2025-06-13T23:59:59.999Z";"2025-06-13T00:00:00.000Z";"2025-06-13T02:46:00.000Z";"2787";100.6128164709;100.6128164709;91.9517472951;96.4953131548;4823374446.914272;63334525796.52079;657099970.45;"2025-06-13T23:59:59.999Z"
"2025-06-12T00:00:00.000Z";"2025-06-12T23:59:59.999Z";"2025-06-12T00:00:00.000Z";"2025-06-12T20:58:00.000Z";"2787";107.2497365235;107.2575174207;99.4989920161;100.6124778101;3428623645.4769154;66297008616.729774;657099970.45;"2025-06-12T23:59:59.999Z"
"2025-06-11T00:00:00.000Z";"2025-06-11T23:59:59.999Z";"2025-06-11T15:55:00.000Z";"2025-06-11T22:42:00.000Z";"2787";110.7819850127;112.5052887918;106.4484543844;107.2497365235;3689051106.6411924;70350354681.41783;657099970.45;"2025-06-11T23:59:59.999Z"
"2025-06-10T00:00:00.000Z";"2025-06-10T23:59:59.999Z";"2025-06-10T16:10:00.000Z";"2025-06-10T05:39:00.000Z";"2787";103.1263423985;111.3563051291;103.1028165142;110.7812822212;4052553058.33001;72794839078.60051;657099970.45;"2025-06-10T23:59:59.999Z"
"2025-06-09T00:00:00.000Z";"2025-06-09T23:59:59.999Z";"2025-06-09T23:53:00.000Z";"2025-06-09T06:13:00.000Z";"2787";98.6185407141;103.3062660815;97.4854259351;103.1263423985;1984465635.3925672;67847362205.028275;657099970.45;"2025-06-09T23:59:59.999Z"
"2025-06-08T00:00:00.000Z";"2025-06-08T23:59:59.999Z";"2025-06-08T20:29:00.000Z";"2025-06-08T10:29:00.000Z";"2787";99.4769705829;100.3935974814;97.6086330659;98.6192345754;1304080390.475886;64802240189.39685;657099970.45;"2025-06-08T23:59:59.999Z"
"2025-06-07T00:00:00.000Z";"2025-06-07T23:59:59.999Z";"2025-06-07T13:20:00.000Z";"2025-06-07T00:21:00.000Z";"2787";97.6413175215;101.247598416;97.1344429876;99.4771111751;1685706054.2829442;65365372243.54218;657099970.45;"2025-06-07T23:59:59.999Z"
"2025-06-06T00:00:00.000Z";"2025-06-06T23:59:59.999Z";"2025-06-06T15:18:00.000Z";"2025-06-06T00:25:00.000Z";"2787";92.7308360177;98.0571195552;92.4171312349;97.6427756297;2426073371.0053606;64040644551.197586;657099970.45;"2025-06-06T23:59:59.999Z"
"2025-06-05T00:00:00.000Z";"2025-06-05T23:59:59.999Z";"2025-06-05T12:58:00.000Z";"2025-06-05T21:03:00.000Z";"2787";99.5210489814;100.8190552326;91.004859402;92.7307962419;3152614380.7482724;61011549388.889465;657099970.45;"2025-06-05T23:59:59.999Z"
"2025-06-04T00:00:00.000Z";"2025-06-04T23:59:59.999Z";"2025-06-04T10:17:00.000Z";"2025-06-04T21:24:00.000Z";"2787";101.4647637289;103.9784030314;98.8063511321;99.5207215477;1790798516.3985524;65421672364.372314;657099970.45;"2025-06-04T23:59:59.999Z"
"2025-06-03T00:00:00.000Z";"2025-06-03T23:59:59.999Z";"2025-06-03T02:06:00.000Z";"2025-06-03T09:31:00.000Z";"2787";101.4659250587;103.8718147989;100.7587567616;101.4651625691;2477161565.9570684;66781015412.88037;657099970.45;"2025-06-03T23:59:59.999Z"
"2025-06-02T00:00:00.000Z";"2025-06-02T23:59:59.999Z";"2025-06-02T23:43:00.000Z";"2025-06-02T19:47:00.000Z";"2787";101.2448982239;101.6033201601;98.0481710387;101.4658981577;2039124179.5922444;66673256358.0626;657099970.45;"2025-06-02T23:59:59.999Z"
"2025-06-01T00:00:00.000Z";"2025-06-01T23:59:59.999Z";"2025-06-01T23:17:00.000Z";"2025-06-01T09:55:00.000Z";"2787";100.6304898311;101.6591555951;98.1548313925;101.2448982239;1976249507.2474363;66528019631.43218;657099970.45;"2025-06-01T23:59:59.999Z"
"2025-05-31T00:00:00.000Z";"2025-05-31T23:59:59.999Z";"2025-05-31T21:13:00.000Z";"2025-05-31T03:21:00.000Z";"2787";100.0736632733;102.0807361836;96.8090453684;100.6202736188;3158655035.3962507;66126711284.45645;657099970.45;"2025-05-31T23:59:59.999Z"
"2025-05-30T00:00:00.000Z";"2025-05-30T23:59:59.999Z";"2025-05-30T00:28:00.000Z";"2025-05-30T23:30:00.000Z";"2787";108.0783607148;108.5576535753;99.8954447791;100.0705704711;4982126145.479917;65629046137.39063;657099970.45;"2025-05-30T23:59:59.999Z"
"2025-05-29T00:00:00.000Z";"2025-05-29T23:59:59.999Z";"2025-05-29T03:02:00.000Z";"2025-05-29T23:58:00.000Z";"2787";112.7138801906;116.457276575;108.0667738701;108.0784352904;3451101523.840911;71106947479.72755;657099970.45;"2025-05-29T23:59:59.999Z"
"2025-05-28T00:00:00.000Z";"2025-05-28T23:59:59.999Z";"2025-05-28T04:49:00.000Z";"2025-05-28T20:02:00.000Z";"2787";114.5382779862;116.165335958;110.2775733586;112.7095390358;2357589969.8097124;74071792315.51341;657099970.45;"2025-05-28T23:59:59.999Z"
"2025-05-27T00:00:00.000Z";"2025-05-27T23:59:59.999Z";"2025-05-27T17:51:00.000Z";"2025-05-27T01:25:00.000Z";"2787";111.5981667589;115.9219107298;109.2066733256;114.5402748113;2598211302.484697;75172100558.8661;657099970.45;"2025-05-27T23:59:59.999Z"
"2025-05-26T00:00:00.000Z";"2025-05-26T23:59:59.999Z";"2025-05-26T08:03:00.000Z";"2025-05-26T23:22:00.000Z";"2787";111.5317961845;114.4887907691;110.9607853761;111.5981667589;2314912684.50125;73295602556.85327;657099970.45;"2025-05-26T23:59:59.999Z"
"2025-05-25T00:00:00.000Z";"2025-05-25T23:59:59.999Z";"2025-05-25T23:11:00.000Z";"2025-05-25T15:28:00.000Z";"2787";110.2622310782;111.6410391498;107.018037416;111.4880752397;2215100301.378213;73258810945.88577;657099970.45;"2025-05-25T23:59:59.999Z"
"2025-05-24T00:00:00.000Z";"2025-05-24T23:59:59.999Z";"2025-05-24T11:14:00.000Z";"2025-05-24T23:12:00.000Z";"2787";111.4514267264;114.1475944734;109.6181777802;110.2622959535;2330824312.8765674;72453308783.53827;657099970.45;"2025-05-24T23:59:59.999Z"
"2025-05-23T00:00:00.000Z";"2025-05-23T23:59:59.999Z";"2025-05-23T03:56:00.000Z";"2025-05-23T23:50:00.000Z";"2787";120.5677873574;123.4183720924;111.0113617962;111.4514267264;5281336631.389986;73476444815.07979;657099970.45;"2025-05-23T23:59:59.999Z"
"2025-05-22T00:00:00.000Z";"2025-05-22T23:59:59.999Z";"2025-05-22T16:18:00.000Z";"2025-05-22T01:52:00.000Z";"2787";116.1345450463;121.5920636014;115.7372495379;120.5716064751;4350792798.268211;79207803974.57411;657099970.45;"2025-05-22T23:59:59.999Z"
"2025-05-21T00:00:00.000Z";"2025-05-21T23:59:59.999Z";"2025-05-21T16:48:00.000Z";"2025-05-21T02:13:00.000Z";"2787";113.2925697425;118.5379447626;112.3132343328;116.1336658123;5189584135.276534;76496362787.25343;657099970.45;"2025-05-21T23:59:59.999Z"
"2025-05-20T00:00:00.000Z";"2025-05-20T23:59:59.999Z";"2025-05-20T02:28:00.000Z";"2025-05-20T19:05:00.000Z";"2787";113.9762477635;118.2947692139;110.231252409;113.2925697425;3816026628.2904325;74383709203.36456;657099970.45;"2025-05-20T23:59:59.999Z"
"2025-05-19T00:00:00.000Z";"2025-05-19T23:59:59.999Z";"2025-05-19T00:10:00.000Z";"2025-05-19T07:02:00.000Z";"2787";114.7934429354;115.0662497711;107.2826916418;113.976984105;3878910545.117819;74847554807.85759;657099970.45;"2025-05-19T23:59:59.999Z"
"2025-05-18T00:00:00.000Z";"2025-05-18T23:59:59.999Z";"2025-05-18T16:13:00.000Z";"2025-05-18T20:07:00.000Z";"2787";110.4482499615;117.9650540684;108.4375968954;114.8341659072;3621015764.2265897;75427629153.8291;657099970.45;"2025-05-18T23:59:59.999Z"
"2025-05-17T00:00:00.000Z";"2025-05-17T23:59:59.999Z";"2025-05-17T00:01:00.000Z";"2025-05-17T16:52:00.000Z";"2787";113.5785048613;113.6207968676;108.9676964147;110.4467231033;2585009150.305004;72573500989.2225;657099970.45;"2025-05-17T23:59:59.999Z"
"2025-05-16T00:00:00.000Z";"2025-05-16T23:59:59.999Z";"2025-05-16T11:23:00.000Z";"2025-05-16T22:52:00.000Z";"2787";115.3419074283;118.8493611315;112.8155646175;113.5824165121;2863079222.3399863;74611754990.47845;657099970.45;"2025-05-16T23:59:59.999Z"
"2025-05-15T00:00:00.000Z";"2025-05-15T23:59:59.999Z";"2025-05-15T00:56:00.000Z";"2025-05-15T23:24:00.000Z";"2787";122.5499063302;123.7556649314;113.3873038367;115.3370633721;4024270205.0523047;75752253555.60634;657099970.45;"2025-05-15T23:59:59.999Z"
"2025-05-14T00:00:00.000Z";"2025-05-14T23:59:59.999Z";"2025-05-14T01:46:00.000Z";"2025-05-14T17:27:00.000Z";"2787";125.5727762567;126.0332262078;120.4221625593;122.5498408457;3552117429.5002866;80527539828.59918;657099970.45;"2025-05-14T23:59:59.999Z"
"2025-05-13T00:00:00.000Z";"2025-05-13T23:59:59.999Z";"2025-05-13T19:49:00.000Z";"2025-05-13T04:04:00.000Z";"2787";120.5284273099;128.1374123293;115.8014114202;125.5734312104;4641089815.852983;82514297938.036;657099970.45;"2025-05-13T23:59:59.999Z"
"2025-05-12T00:00:00.000Z";"2025-05-12T23:59:59.999Z";"2025-05-12T07:34:00.000Z";"2025-05-12T18:53:00.000Z";"2787";123.2938906511;129.278596809;116.748942777;120.5284273099;5710228791.448529;79441662537.0424;657099970.45;"2025-05-12T23:59:59.999Z"
"2025-05-11T00:00:00.000Z";"2025-05-11T23:59:59.999Z";"2025-05-11T00:10:00.000Z";"2025-05-11T07:46:00.000Z";"2787";125.2904010629;125.4639654734;118.0400431548;123.2932994861;4271364824.474795;81016411903.8275;657099970.45;"2025-05-11T23:59:59.999Z"
"2025-05-10T00:00:00.000Z";"2025-05-10T23:59:59.999Z";"2025-05-10T23:26:00.000Z";"2025-05-10T00:58:00.000Z";"2787";115.6875036716;125.8844996238;114.8682551399;125.2931078405;4480650642.313748;82330097459.93242;657099970.45;"2025-05-10T23:59:59.999Z"
"2025-05-09T00:00:00.000Z";"2025-05-09T23:59:59.999Z";"2025-05-09T08:37:00.000Z";"2025-05-09T04:45:00.000Z";"2787";114.5211453257;120.6035918098;112.7244731648;115.6858702606;5427283844.772131;76017181930.05957;657099970.45;"2025-05-09T23:59:59.999Z"
"2025-05-08T00:00:00.000Z";"2025-05-08T23:59:59.999Z";"2025-05-08T21:25:00.000Z";"2025-05-08T00:00:00.000Z";"2787";99.8411692418;115.1469800253;99.8408932683;114.5205330268;4465530739.356182;75251841209.79828;657099970.45;"2025-05-08T23:59:59.999Z"
"2025-05-07T00:00:00.000Z";"2025-05-07T23:59:59.999Z";"2025-05-07T01:30:00.000Z";"2025-05-07T18:13:00.000Z";"2787";100.8894134683;102.6203666239;97.4609286239;99.8491877224;1802103860.4038327;66238046070.07746;657099970.45;"2025-05-07T23:59:59.999Z"
"2025-05-06T00:00:00.000Z";"2025-05-06T23:59:59.999Z";"2025-05-06T23:47:00.000Z";"2025-05-06T13:56:00.000Z";"2787";99.5509215248;101.2041979946;96.4585995189;99.8104827658;1926902474.7138314;66294430609.02636;657099970.45;"2025-05-06T23:59:59.999Z"
"2025-05-05T00:00:00.000Z";"2025-05-05T23:59:59.999Z";"2025-05-05T06:03:00.000Z";"2025-05-05T20:38:00.000Z";"2787";101.1072893881;103.2594127963;98.4860618091;99.2328704955;2009829858.9800806;65414907592.54882;657099970.45;"2025-05-05T23:59:59.999Z"
"2025-05-04T00:00:00.000Z";"2025-05-04T23:59:59.999Z";"2025-05-04T02:16:00.000Z";"2025-05-04T23:51:00.000Z";"2787";104.0317106073;104.7194643277;100.6840713591;101.1068240825;1396864003.3167365;66437596869.49206;657099970.45;"2025-05-04T23:59:59.999Z"
"2025-05-03T00:00:00.000Z";"2025-05-03T23:59:59.999Z";"2025-05-03T00:05:00.000Z";"2025-05-03T17:43:00.000Z";"2787";106.9533727815;106.9864209074;103.6451336487;104.0339411184;1470876531.9575858;68359233966.25499;657099970.45;"2025-05-03T23:59:59.999Z"
"2025-05-02T00:00:00.000Z";"2025-05-02T23:59:59.999Z";"2025-05-02T16:22:00.000Z";"2025-05-02T12:37:00.000Z";"2787";107.2754476749;109.5056557194;105.9975329152;106.9534308959;2253701332.1543016;70054149598.1604;657099970.45;"2025-05-02T23:59:59.999Z"
"2025-05-01T00:00:00.000Z";"2025-05-01T23:59:59.999Z";"2025-05-01T15:16:00.000Z";"2025-05-01T00:00:00.000Z";"2787";104.2676312689;109.6168055876;104.2646111413;107.2672773671;2359603797.585927;70717003515.89822;657099970.45;"2025-05-01T23:59:59.999Z"
"2025-04-30T00:00:00.000Z";"2025-04-30T23:59:59.999Z";"2025-04-30T03:58:00.000Z";"2025-04-30T14:01:00.000Z";"2787";106.6082763025;107.4761989788;101.2983606829;104.2670151272;2093445182.8288798;68514257426.05289;657099970.45;"2025-04-30T23:59:59.999Z"
"2025-04-29T00:00:00.000Z";"2025-04-29T23:59:59.999Z";"2025-04-29T01:14:00.000Z";"2025-04-29T23:16:00.000Z";"2787";109.5513777302;111.0633026014;105.7856764888;106.6083877736;2186482625.088679;70052295208.38202;657099970.45;"2025-04-29T23:59:59.999Z"
"2025-04-28T00:00:00.000Z";"2025-04-28T23:59:59.999Z";"2025-04-28T23:45:00.000Z";"2025-04-28T01:45:00.000Z";"2787";106.3146973557;110.1439472904;104.1170150417;109.5514305538;2763996411.9261107;71914171523.13731;657099970.45;"2025-04-28T23:59:59.999Z"
"2025-04-27T00:00:00.000Z";"2025-04-27T23:59:59.999Z";"2025-04-27T00:46:00.000Z";"2025-04-27T16:37:00.000Z";"2787";108.4058201903;109.8408733489;105.0732597736;106.3171922205;1997758737.8307095;69859384491.15744;657099970.45;"2025-04-27T23:59:59.999Z"
"2025-04-26T00:00:00.000Z";"2025-04-26T23:59:59.999Z";"2025-04-26T01:42:00.000Z";"2025-04-26T13:56:00.000Z";"2787";108.7995393531;111.070824487;107.3273201466;108.4050700423;1939066365.9638107;71232968321.7249;657099970.45;"2025-04-26T23:59:59.999Z"
"2025-04-25T00:00:00.000Z";"2025-04-25T23:59:59.999Z";"2025-04-25T15:10:00.000Z";"2025-04-25T02:58:00.000Z";"2787";109.6267140991;111.7795244861;107.3893450922;108.798676633;3186966889.5667415;71485307109.89822;657099970.45;"2025-04-25T23:59:59.999Z"
"2025-04-24T00:00:00.000Z";"2025-04-24T23:59:59.999Z";"2025-04-24T15:16:00.000Z";"2025-04-24T08:50:00.000Z";"2787";109.3448274967;110.1177710925;103.3533972295;109.6260708047;3064288180.305384;72035710595.39035;657099970.45;"2025-04-24T23:59:59.999Z"
"2025-04-23T00:00:00.000Z";"2025-04-23T23:59:59.999Z";"2025-04-23T13:34:00.000Z";"2025-04-23T00:50:00.000Z";"2787";103.3882015869;111.3387567741;102.6931798231;109.3446511255;3967218948.8241715;72099943218.86864;657099970.45;"2025-04-23T23:59:59.999Z"
"2025-04-22T00:00:00.000Z";"2025-04-22T23:59:59.999Z";"2025-04-22T23:52:00.000Z";"2025-04-22T00:40:00.000Z";"2787";95.5784273083;103.4737800992;94.4774232037;103.3896963253;3114837020.429702;67751499281.75683;657099970.45;"2025-04-22T23:59:59.999Z"
"2025-04-21T00:00:00.000Z";"2025-04-21T23:59:59.999Z";"2025-04-21T08:09:00.000Z";"2025-04-21T17:08:00.000Z";"2787";96.8571876699;99.6743814482;94.7830695478;95.5790774191;2225342066.5029125;62833863694.618454;657099970.45;"2025-04-21T23:59:59.999Z"
"2025-04-20T00:00:00.000Z";"2025-04-20T23:59:59.999Z";"2025-04-20T20:25:00.000Z";"2025-04-20T11:55:00.000Z";"2787";94.3850294618;98.9876683049;94.0285870246;96.8571876699;1855672465.8355527;63644855156.04826;657099970.45;"2025-04-20T23:59:59.999Z"
"2025-04-19T00:00:00.000Z";"2025-04-19T23:59:59.999Z";"2025-04-19T22:41:00.000Z";"2025-04-19T00:23:00.000Z";"2787";91.6535139725;95.0442587438;91.5370503632;94.3865561284;1178619725.564875;62020400070.61955;657099970.45;"2025-04-19T23:59:59.999Z"
"2025-04-18T00:00:00.000Z";"2025-04-18T23:59:59.999Z";"2025-04-18T09:49:00.000Z";"2025-04-18T01:04:00.000Z";"2787";91.3255369134;92.7081642015;90.5894953159;91.6535139725;1159793732.6184244;60225521323.28064;657099970.45;"2025-04-18T23:59:59.999Z"
"2025-04-17T00:00:00.000Z";"2025-04-17T23:59:59.999Z";"2025-04-17T18:22:00.000Z";"2025-04-17T14:40:00.000Z";"2787";90.284559245;92.5884681653;89.1431958678;91.3246405364;1789063309.6607385;60096373061.52976;657099970.45;"2025-04-17T23:59:59.999Z"
"2025-04-16T00:00:00.000Z";"2025-04-16T23:59:59.999Z";"2025-04-16T15:28:00.000Z";"2025-04-16T18:01:00.000Z";"2787";89.5004869793;91.4031139724;87.4538938358;90.2864189408;2174217882.3097835;59392563893.793495;657099970.45;"2025-04-16T23:59:59.999Z"
"2025-04-15T00:00:00.000Z";"2025-04-15T23:59:59.999Z";"2025-04-15T13:53:00.000Z";"2025-04-15T23:53:00.000Z";"2787";92.3087794612;93.6738237573;89.4591698169;89.500115239;2244173197.741051;58796294811.38028;657099970.45;"2025-04-15T23:59:59.999Z"
"2025-04-14T00:00:00.000Z";"2025-04-14T23:59:59.999Z";"2025-04-14T11:17:00.000Z";"2025-04-14T22:31:00.000Z";"2787";92.055266388;96.7083006983;92.055266388;92.3065459011;2299800390.616641;60486056466.44;657099970.45;"2025-04-14T23:59:59.999Z"
"2025-04-13T00:00:00.000Z";"2025-04-13T23:59:59.999Z";"2025-04-13T00:59:00.000Z";"2025-04-13T21:46:00.000Z";"2787";95.8683790058;96.2986965978;91.0069727622;92.0560086279;2167770700.1691422;60489512823.61477;657099970.45;"2025-04-13T23:59:59.999Z"
"2025-04-12T00:00:00.000Z";"2025-04-12T23:59:59.999Z";"2025-04-12T22:23:00.000Z";"2025-04-12T03:01:00.000Z";"2787";92.3334989632;96.7598198165;91.0430366028;96.0542323537;1905513733.1502872;62995109012.05024;657099970.45;"2025-04-12T23:59:59.999Z"
"2025-04-11T00:00:00.000Z";"2025-04-11T23:59:59.999Z";"2025-04-11T21:25:00.000Z";"2025-04-11T01:01:00.000Z";"2787";88.325382416;93.8697059131;88.0582996342;92.3337093151;2447204812.182882;60857879218.64208;657099970.45;"2025-04-11T23:59:59.999Z"
"2025-04-10T00:00:00.000Z";"2025-04-10T23:59:59.999Z";"2025-04-10T00:00:00.000Z";"2025-04-10T16:25:00.000Z";"2787";92.5919184547;92.5919184547;85.7765317499;88.3249317491;2901662171.276121;58045042355.30802;657099970.45;"2025-04-10T23:59:59.999Z"
"2025-04-09T00:00:00.000Z";"2025-04-09T23:59:59.999Z";"2025-04-09T22:28:00.000Z";"2025-04-09T01:31:00.000Z";"2787";80.0488146035;94.0811296187;76.8889123706;93.0290446254;5585919045.56193;61031241450.46726;657099970.45;"2025-04-09T23:59:59.999Z"
"2025-04-08T00:00:00.000Z";"2025-04-08T23:59:59.999Z";"2025-04-08T13:32:00.000Z";"2025-04-08T22:40:00.000Z";"2787";83.7234133292;86.7321714745;79.324503099;80.0477409656;3066842061.120156;52407252410.6062;657099970.45;"2025-04-08T23:59:59.999Z"
"2025-04-07T00:00:00.000Z";"2025-04-07T23:59:59.999Z";"2025-04-07T14:20:00.000Z";"2025-04-07T07:01:00.000Z";"2787";81.9423031815;86.1869452655;74.5158275332;83.7230428524;6960013891.895022;54791544803.07707;657099970.45;"2025-04-07T23:59:59.999Z"
"2025-04-06T00:00:00.000Z";"2025-04-06T23:59:59.999Z";"2025-04-06T01:32:00.000Z";"2025-04-06T23:25:00.000Z";"2787";93.7491629228;94.3543323665;80.2951544683;81.9423031815;2917896166.529668;53964447551.50156;657099970.45;"2025-04-06T23:59:59.999Z"
"2025-04-05T00:00:00.000Z";"2025-04-05T23:59:59.999Z";"2025-04-05T10:16:00.000Z";"2025-04-05T15:46:00.000Z";"2787";94.3931256905;95.0990905232;91.8229455653;93.7494974059;1300541592.6126404;61602572186.531906;657099970.45;"2025-04-05T23:59:59.999Z"
"2025-04-04T00:00:00.000Z";"2025-04-04T23:59:59.999Z";"2025-04-04T08:27:00.000Z";"2025-04-04T11:32:00.000Z";"2787";93.9882716283;96.1147135866;90.4203421233;94.3938757905;3353634949.163049;62025720102.265015;657099970.45;"2025-04-04T23:59:59.999Z"
"2025-04-03T00:00:00.000Z";"2025-04-03T23:59:59.999Z";"2025-04-03T03:02:00.000Z";"2025-04-03T15:07:00.000Z";"2787";94.004466395;97.0909368789;89.9804611485;93.9884562414;3534538790.5591755;61504114493.36137;657099970.45;"2025-04-03T23:59:59.999Z"
"2025-04-02T00:00:00.000Z";"2025-04-02T23:59:59.999Z";"2025-04-02T20:19:00.000Z";"2025-04-02T23:26:00.000Z";"2787";102.0932744636;103.8069506106;93.2712315756;94.003118642;4688066599.483445;61791580622.433395;657099970.45;"2025-04-02T23:59:59.999Z"
"2025-04-01T00:00:00.000Z";"2025-04-01T23:59:59.999Z";"2025-04-01T16:19:00.000Z";"2025-04-01T00:02:00.000Z";"2787";98.0127491266;104.4520957217;97.9457393014;102.0932744636;2368775912.148781;66932309672.46011;657099970.45;"2025-04-01T23:59:59.999Z"
"2025-03-31T00:00:00.000Z";"2025-03-31T23:59:59.999Z";"2025-03-31T19:25:00.000Z";"2025-03-31T09:59:00.000Z";"2787";97.2402635956;99.3378108181;94.2156673138;98.0127491266;2290686382.059504;64493852939.70541;657099970.45;"2025-03-31T23:59:59.999Z"
"2025-03-30T00:00:00.000Z";"2025-03-30T23:59:59.999Z";"2025-03-30T09:34:00.000Z";"2025-03-30T22:11:00.000Z";"2787";98.3919950839;100.5478495397;96.0660835627;97.2400486202;1721864640.996963;63896574335.57352;657099970.45;"2025-03-30T23:59:59.999Z"
"2025-03-29T00:00:00.000Z";"2025-03-29T23:59:59.999Z";"2025-03-29T00:44:00.000Z";"2025-03-29T22:53:00.000Z";"2787";103.4654642013;104.5355854975;97.3572185728;98.3926479917;1919630232.4298298;64653377062.45207;657099970.45;"2025-03-29T23:59:59.999Z"
"2025-03-28T00:00:00.000Z";"2025-03-28T23:59:59.999Z";"2025-03-28T01:46:00.000Z";"2025-03-28T16:54:00.000Z";"2787";112.6709509932;113.0145518532;101.9083918267;103.4689375068;2872961704.360501;68004001434.25416;657099970.45;"2025-03-28T23:59:59.999Z"
"2025-03-27T00:00:00.000Z";"2025-03-27T23:59:59.999Z";"2025-03-27T15:20:00.000Z";"2025-03-27T00:27:00.000Z";"2787";110.9049101669;114.6140147238;110.4399874885;112.6688278691;2455484763.317331;74064611205.43759;657099970.45;"2025-03-27T23:59:59.999Z"
"2025-03-26T00:00:00.000Z";"2025-03-26T23:59:59.999Z";"2025-03-26T11:16:00.000Z";"2025-03-26T19:17:00.000Z";"2787";112.171673447;116.1675798036;108.7605452838;110.7419269925;2698046998.060958;72767325499.05063;657099970.45;"2025-03-26T23:59:59.999Z"
"2025-03-25T00:00:00.000Z";"2025-03-25T23:59:59.999Z";"2025-03-25T20:27:00.000Z";"2025-03-25T04:04:00.000Z";"2787";109.4542045551;113.0918007641;108.1520624536;112.1636873069;2360061030.862286;73668393914.06335;657099970.45;"2025-03-25T23:59:59.999Z"
"2025-03-24T00:00:00.000Z";"2025-03-24T23:59:59.999Z";"2025-03-24T14:19:00.000Z";"2025-03-24T02:03:00.000Z";"2787";104.6455744897;111.1868945072;102.9419773817;109.4496001981;2989503479.9894133;71880312698.21025;657099970.45;"2025-03-24T23:59:59.999Z"
"2025-03-23T00:00:00.000Z";"2025-03-23T23:59:59.999Z";"2025-03-23T11:32:00.000Z";"2025-03-23T00:00:00.000Z";"2787";103.1328867876;104.9012153989;103.1328867876;104.6480685834;1591117332.8335674;68762509050.55437;657099970.45;"2025-03-23T23:59:59.999Z"
"2025-03-22T00:00:00.000Z";"2025-03-22T23:59:59.999Z";"2025-03-22T20:16:00.000Z";"2025-03-22T00:07:00.000Z";"2787";101.1934734521;105.0069455119;101.1253399743;103.1330649717;1405305458.8577425;67768616860.882545;657099970.45;"2025-03-22T23:59:59.999Z"
"2025-03-21T00:00:00.000Z";"2025-03-21T23:59:59.999Z";"2025-03-21T02:04:00.000Z";"2025-03-21T16:07:00.000Z";"2787";103.0338983625;104.1455025169;100.3832115051;101.1927070815;1605351339.1474204;66484597220.47793;657099970.45;"2025-03-21T23:59:59.999Z"
"2025-03-20T00:00:00.000Z";"2025-03-20T23:59:59.999Z";"2025-03-20T00:07:00.000Z";"2025-03-20T16:55:00.000Z";"2787";108.563404074;109.2262895079;102.2320519308;103.0338991565;2339634628.5940733;67540575608.761475;657099970.45;"2025-03-20T23:59:59.999Z"
"2025-03-19T00:00:00.000Z";"2025-03-19T23:59:59.999Z";"2025-03-19T23:48:00.000Z";"2025-03-19T02:11:00.000Z";"2787";100.6347674123;108.5934481941;99.7961856859;108.5537084683;3775041262.9579563;71307905549.78987;657099970.45;"2025-03-19T23:59:59.999Z"
"2025-03-18T00:00:00.000Z";"2025-03-18T23:59:59.999Z";"2025-03-18T08:38:00.000Z";"2025-03-18T18:36:00.000Z";"2787";101.5203697185;102.7408489178;97.5683857458;100.6347674123;2350264222.7426434;66176507263.69191;657099970.45;"2025-03-18T23:59:59.999Z"
"2025-03-17T00:00:00.000Z";"2025-03-17T23:59:59.999Z";"2025-03-17T20:20:00.000Z";"2025-03-17T00:04:00.000Z";"2787";96.7764342026;102.7901874423;96.738937385;101.5208836434;2470021417.445338;66751917110.60934;657099970.45;"2025-03-17T23:59:59.999Z"
"2025-03-16T00:00:00.000Z";"2025-03-16T23:59:59.999Z";"2025-03-16T09:02:00.000Z";"2025-03-16T23:10:00.000Z";"2787";101.614819334;102.5382494765;95.8343069401;96.7776671879;2065021005.3530245;63599260160.0651;657099970.45;"2025-03-16T23:59:59.999Z"
"2025-03-15T00:00:00.000Z";"2025-03-15T23:59:59.999Z";"2025-03-15T05:05:00.000Z";"2025-03-15T00:03:00.000Z";"2787";99.0180660431;102.9883091809;98.9401509314;101.6155783354;2331133817.9059806;66771094782.02524;657099970.45;"2025-03-15T23:59:59.999Z"
"2025-03-14T00:00:00.000Z";"2025-03-14T23:59:59.999Z";"2025-03-14T19:22:00.000Z";"2025-03-14T00:14:00.000Z";"2787";94.2907551347;106.0477035663;94.2091916826;99.022295183;7146369106.368555;65057128079.93669;657099970.45;"2025-03-14T23:59:59.999Z"
"2025-03-13T00:00:00.000Z";"2025-03-13T23:59:59.999Z";"2025-03-13T12:31:00.000Z";"2025-03-13T18:01:00.000Z";"2787";97.583413654;98.0141758839;92.3009239119;94.2907551347;2640022566.13902;60166928065.46963;638099970.45;"2025-03-13T23:59:59.999Z"
"2025-03-12T00:00:00.000Z";"2025-03-12T23:59:59.999Z";"2025-03-12T12:34:00.000Z";"2025-03-12T04:46:00.000Z";"2787";94.6966144293;99.5642077645;91.6754292794;97.583413654;4216997600.236558;62189896030.45362;638099970.45;"2025-03-12T23:59:59.999Z"
"2025-03-11T00:00:00.000Z";"2025-03-11T23:59:59.999Z";"2025-03-11T19:52:00.000Z";"2025-03-11T01:08:00.000Z";"2787";92.1536555412;98.4726223753;86.7090966125;94.6977418724;5931549523.636906;60690049222.529236;638099970.45;"2025-03-11T23:59:59.999Z"
"2025-03-10T00:00:00.000Z";"2025-03-10T23:59:59.999Z";"2025-03-10T09:25:00.000Z";"2025-03-10T19:01:00.000Z";"2787";99.640301229;105.3927696432;90.5718502081;92.1400210783;5269474596.6768675;58590644481.58303;638099970.45;"2025-03-10T23:59:59.999Z"
"2025-03-09T00:00:00.000Z";"2025-03-09T23:59:59.999Z";"2025-03-09T03:58:00.000Z";"2025-03-09T23:07:00.000Z";"2787";110.3300680659;110.9441218548;98.8076409709;99.640301229;3419607610.822626;63581072531.406494;638099970.45;"2025-03-09T23:59:59.999Z"
"2025-03-08T00:00:00.000Z";"2025-03-08T23:59:59.999Z";"2025-03-08T00:59:00.000Z";"2025-03-08T16:29:00.000Z";"2787";115.305747105;115.7267504865;109.6433550359;110.3300804715;3081593814.4153256;70401613172.92903;638099970.45;"2025-03-08T23:59:59.999Z"
"2025-03-07T00:00:00.000Z";"2025-03-07T23:59:59.999Z";"2025-03-07T13:40:00.000Z";"2025-03-07T23:16:00.000Z";"2787";123.7205333518;126.3314477409;114.1780089754;115.3056919738;8557567193.489963;73714523160.24602;638099970.45;"2025-03-07T23:59:59.999Z"
"2025-03-06T00:00:00.000Z";"2025-03-06T23:59:59.999Z";"2025-03-06T10:34:00.000Z";"2025-03-06T00:10:00.000Z";"2787";119.3697781208;127.7660500206;119.0167451739;123.776656101;7821073818.754754;78984750430.3976;638099970.45;"2025-03-06T23:59:59.999Z"
"2025-03-05T00:00:00.000Z";"2025-03-05T23:59:59.999Z";"2025-03-05T23:46:00.000Z";"2025-03-05T01:10:00.000Z";"2787";108.0762731667;120.0939402785;106.501820804;119.3695669237;6309297421.824231;76322168485.56972;638099970.45;"2025-03-05T23:59:59.999Z"
"2025-03-04T00:00:00.000Z";"2025-03-04T23:59:59.999Z";"2025-03-04T21:31:00.000Z";"2025-03-04T16:37:00.000Z";"2787";105.2710655513;111.0845183234;95.7070216199;108.0787017616;6229454841.132618;69148556397.38905;638099970.45;"2025-03-04T23:59:59.999Z"
"2025-03-03T00:00:00.000Z";"2025-03-03T23:59:59.999Z";"2025-03-03T00:02:00.000Z";"2025-03-03T22:01:00.000Z";"2787";126.834570855;126.9050405955;105.0436665821;105.2711519857;5469449004.875156;67161476953.837326;638099970.45;"2025-03-03T23:59:59.999Z"
"2025-03-02T00:00:00.000Z";"2025-03-02T23:59:59.999Z";"2025-03-02T23:04:00.000Z";"2025-03-02T14:43:00.000Z";"2787";107.7187055967;127.108482507;105.2138385307;126.8328340581;6206929832.54884;80933135914.99695;638099970.45;"2025-03-02T23:59:59.999Z"
"2025-03-01T00:00:00.000Z";"2025-03-01T23:59:59.999Z";"2025-03-01T22:13:00.000Z";"2025-03-01T13:52:00.000Z";"2787";107.9222158238;110.1398290321;103.7553258449;107.7187055967;2299263615.5402308;68735302858.49379;638099970.45;"2025-03-01T23:59:59.999Z"
"2025-02-28T00:00:00.000Z";"2025-02-28T23:59:59.999Z";"2025-02-28T00:10:00.000Z";"2025-02-28T08:25:00.000Z";"2787";110.0685553755;110.3179785165;98.1489267919;107.921791825;4655392925.489044;68887853685.07019;638099970.45;"2025-02-28T23:59:59.999Z"
"2025-02-27T00:00:00.000Z";"2025-02-27T23:59:59.999Z";"2025-02-27T11:01:00.000Z";"2025-02-27T21:09:00.000Z";"2787";110.406675271;114.4100669053;107.9068360325;110.0507983328;2635082518.305522;69982189129.14034;638099970.45;"2025-02-27T23:59:59.999Z"
"2025-02-26T00:00:00.000Z";"2025-02-26T23:59:59.999Z";"2025-02-26T15:16:00.000Z";"2025-02-26T18:59:00.000Z";"2787";110.9198339267;113.9456714248;106.8798514723;110.4067437616;4816245806.339122;70374805612.46912;638099970.45;"2025-02-26T23:59:59.999Z"